customer,Total_spendings
0a0a92112bd4c708ca5fde585afaa872,13664.08
da122df9eeddfedc1dc1f5349a1a690c,7571.63
763c8b1c9c68a0229c42c9fc6f662b93,7274.88
dc4802a71eae9be1dd28f5d788ceb526,6929.31
459bef486812aa25204be022145caa62,6922.21
ff4159b92c40ebe40454e3e6a7c35ed6,6726.66
4007669dec559734d6f53e029e360987,6081.54
eebb5dda148d3893cdaf5b5ca3040ccb,4764.34
48e1ac109decbb87765a3eade6854098,4681.78
c8460e4251689ba205045f3ea17884a1,4655.910000000001
edde2314c6c30e864a128ac95d6b2112,4513.32
a229eba70ec1c2abef51f04987deb7a5,4445.5
edf81e1f3070b9dac83ec83dacdbb9bc,4194.76
fa562ef24d41361e476e748681810e1e,4175.26
ca27f3dac28fb1063faddd424c9d95fa,4163.51
5e713be0853d8986528d7869a0811d2b,4042.74
58483a1c055dfb600f57c5b867174542,4034.44
011875f0176909c5cf0b14a9138bb691,4016.91
f0767ae738c3d90e7b737d7b8b8bb4d1,3979.55
bc5e25094a7d51b6aee35236572e64f4,3826.8
3fec1a05177762f279472253113d568a,3792.59
5d09b0d82126457e2a8ebfb9c9a1ffc4,3736.22
931eabdf0636b8fd60369a8d759917d6,3666.42
03796b63235e0e0a299084988c662c7e,3602.47
59d66d72939bc9497e19d89c61a96d5f,3559.9900000000002
2c3b08cf3584d8c0a81d9618a73aa219,3526.46
95a744604de66a2e40e18086e69be4f2,3406.47
76a08544f95591acec0d4c976054c459,3358.24
ce3fe361f9e68bf0a813baaae1334d01,3351.35
7a96eb0a685f5c19b7dad29fc802aa64,3297.3999999999996
9b11e010850a4045d2da80c7783fdbd1,3256.14
adfa1cab2b2c8706db21bb13c0a1beb1,3242.84
bbeb907759ef5fc169099af3c88d535d,3209.72
1b76903617af13189607a36b0469f6f3,3195.73
6f00d356a4be20527662aaf12116baab,3184.55
46450c74a0d8c5ca9395da1daac6c120,3184.34
53fb3435773a4690e56010b169ee2820,3155.82
895617ab63a9ad8881d9470f7427cd25,3126.5
c6111f70f40b3420e387493c627c27fa,3126.5
be825ddd3b40db3f91bf05b4e9435d56,3122.72
f886a3f43af9ac928fbb4b56436c528c,3076.13
ff0ae98646e7bbb41cf0f0d3991fef98,3048.27
0f75637a7e2f7b6ae43665d1f7d0ca5d,3044.12
2ae8173a688e326821403a5b7a6858c2,3042.36
6172bd5b7f52ade8c6c4548b448ff54f,3041.73
ea984b06b18cc6905bc2f9b0a3d1c986,3024.08
ef8d54b3797ea4db1d63f0ced6a906e9,3018.6
ee2bb06c1d3f368e92084edefb7e4b57,3016.01
ae04948ad7210ea76801b331080e0b3a,3009.53
4683ad127301c1bcbd601a30bb22d2ba,3005.06
129bfc164612d70a040a844b887dfec5,2960.05
d9f8d6be11fb416742c9e35e725303f7,2938.17
5599df2eeb9e2e4f377db24e09cb976f,2913.47
fff5eb4918b2bf4b2da476788d42051c,2844.96
c38b132f1c68c14c0d3b32e66b796eba,2838.22
8ad6fdb3d658f916f444aaf55a49bb29,2828.42
c21e93b1d7b7a416d0f36fa6ebc1d60a,2827.0
25bedfc6317ec4a379ef49b9c1049733,2818.74
030a810edeec1ceea314282513023587,2794.5
34ff67eb3466a779b2f6b6fd56a3b953,2787.87
81d8bf17c9e450228efeedd2603edfaa,2784.16
eae0a83d752b1dd32697e0e7b4221656,2783.01
acc38a550c42d17125cd25c32a464d26,2759.95
ec5d2f91c651ce345616c7035fab6f9d,2759.88
1e7097be947ad5d0f7819bdc9d8d7d0e,2751.24
0de97ff655abfc142ba6fc83e86bf082,2734.66
149b43a4776ea0a773ac75bc58830fb9,2734.11
13d9920a16127351540bcd95ad4643c8,2733.63
fc54c2c09aee36da48881e5bf37ef795,2732.06
f140f377d666848e3712b51a2734d120,2713.36
5e92460d739e8dd987e279285a1d278c,2713.36
bb149f7e7bfee3d984e265d0eae6181b,2681.29
c949c73b1318491d6b5b117acb3e24a4,2681.29
212b7cfb2631b23e85a4645a7cba1733,2647.76
f44ffa618df5f8a65899275c93b14ae2,2638.64
69e4e534ba5e6a8124d132b271923148,2627.09
684da9ec00ee25877fe21ce197403d04,2616.0
26b5839e505ee33e6a449f7c2c403f99,2607.09
7814db11654d2bf3b43bae828b6eee05,2606.01
7386ded430d6aeb715a0d087c38a2dfe,2590.61
d8f1c3ed0de527caf0a7eceeb025b583,2574.38
0621cda5f3ee9a2e6f3ae6ebb5fcdbe1,2564.65
02ccceb879088a0253e1e46e0200bdb8,2512.53
84056c11d63b679a61f195ef043505f4,2487.24
575fa0cb05146c256ec1c9d348ec0305,2480.58
5dff3703f9d82688ab5a1c92df1e4b18,2467.33
bef3ce10ea5715fbcbcbe3b266ee94c5,2467.17
0bec90ebca9ff4b2b830950bb052e52d,2457.44
8e07cbdbbb24328ece74135e2a81405b,2455.12
d3ef55d6de8e4be1d4b905e8169224b5,2452.12
d77aa95864ae5b42160937615628723a,2450.1
85475e754525d6d222d917dbc8251801,2438.51
24c0598e5978021ede868fbf7526544a,2429.68
98133dfcdb0c24fa03c9eb4f0d69a6c4,2416.0
86df00dc5fd68f4dd5d5945ca19f3ed6,2400.48
87070b00f89fa49dd0b01ff4bf075b8c,2389.78
e3e0e9112264452e4700d977ce02a4d1,2384.5
7b0eaf68a16e4808e5388c67345033c9,2340.08
c53a15252bb69a238a59b79c58a84bcf,2338.48
6963ee67570e4454bf00b3e5fe52f734,2337.4
c01158adcf91ee8f143d12388abe5f22,2333.97
e6fad5b1c79a4760aac5068d09c46535,2328.4
6a71207bf8784292ad3f6e107ab57755,2325.22
8bce6306eb006a2ff6135ba36d33d644,2324.99
c7794313e2cd53472b116a751350f132,2323.25
8a8ac60fd8ea25925f379a33ef277987,2322.32
352edc42ddf92161e32abb07872de623,2315.83
bd90c3e19e58ff2439e72b0554026418,2314.82
00c07da5ba0e07b4f248a3a373b07476,2304.68
6ddbc64bd04d40f7768ff088d94cbeb8,2299.66
ec4b05ce75316354ba9b297f64377ed6,2288.31
559026a1299bd2ede976c8d516d92258,2276.1
03adb96012772d4374285b6a701f3da9,2269.98
fa094305fdb6062436c99adba7d53dde,2267.28
7dd0031f1da839843abbcda4e9fb317b,2267.18
a58b1fe8146940d706e5f07d73bc7d51,2264.9
698e1cf81d01a3d389d96145f7fa6df8,2262.8
e79c794eb044c594d923722240125052,2252.66
bd879722dc92d795d57264b3c1e09f6a,2241.64
3d47f4368ccc8e1bb4c4a12dbda7111b,2234.66
10e1df2717597281c5cffa0e0a7ca7cb,2225.69
1a3a962a15f8c6ee0178e1102387d3cc,2223.12
9d15276f07200ca33bdd7eab12ba67ad,2220.32
bd8717655febcdf30f106e9f3cb24628,2217.99
14f5335a43420b92aa77e1f35ada3f42,2213.22
1579133af5d1fadd0e5e37ec439ed1ec,2207.98
3895f60f6e6a89e5cfb7b72ffdcdf7e0,2204.04
c402f431464c72e27330a67f7b94d4fb,2202.4
25d6024f1eadd97cf86cfcfb7e9617dd,2190.4
25d558c329b841732700cb45b86260cf,2187.42
9db254a87951220e74c58549749cf128,2187.42
3cdadaf84a996b3f07ccfcf9796f1dfd,2183.6
669e44130af1f9e6d3523ab852672374,2168.6
1da09dd64e235e7c2f29a4faff33535c,2164.4
02e8a66528e84b3ca6150d9b1e03a26f,2158.57
e0a7e61d37dd4060ab419bdb93a9f05d,2155.35
60055ae4e5bdcbf7d567809728def6ed,2154.82
445e36c0849ad359c7b6d99786c3357c,2153.35
b26746dace6d5d8633283ef402271974,2153.35
12ebfdb41392890f9d7a8de957274741,2153.35
ea6f9323b5f8d196980fa72fb91546d0,2153.35
c77dde0ffa573d733a5afe93774246ec,2152.92
3baa1dfebd3d28ccc8cdbf5d9faa7602,2151.29
cad51aa032a0834a45c27586bce31d1c,2150.81
46e8adbe1802b0aa1d172eb1a4eba9fe,2150.22
00adeda9b742746c0c66e10d00ea1b74,2148.4
8a8a3b96590da699865fa7e07e0e08ff,2133.69
afc8f3a11a809a74e5eef0bda1de6b9c,2124.78
e8258022c5060b1f3d861556a17fd741,2115.79
87566fe4966777f59b86e1313f177587,2115.05
c705e3b98b76bd8e56d09625ac94216a,2114.63
2621b577faf30c524ef1f0fff766a575,2111.57
82cd8a647fc34614fde430b3285b913e,2110.57
af17def00ed5fb1ccbebfe805b0bb641,2106.55
2f99070486aafcc5dac7a979c1ed5f32,2105.57
7de6d654e4d5b71483c3799468bc27e6,2098.4
ea1c9b1a4cc63f26f5a165203a4ebd4f,2096.14
92ce8d58d57d7a8f8b2d5ca4b9810b64,2094.44
59bfe97acaf7979ebbc663af8bb1827d,2092.86
ef7361e14a64f77990f58e9c571e2f9a,2091.33
44975ad30406e58b8c7f2a8dae4c46f8,2083.09
963fee8d1953b0f2bc792a06043fb11c,2082.36
83486a65903aefe02ed3bac7c23b5f65,2075.48
73601b1eec55943e90ce8d61253d5c09,2068.68
fffcf5a5ff07b0908bd4e2dbc735a684,2067.42
5e5a9e721cb83187f5893a8c7109faee,2066.34
f28efe52152019a633891bfdb679886e,2065.77
918c2334c6537fd745c6aea1e3fe54f8,2065.35
efb14cc2969129e2d865bc75be239916,2064.88
6cba2fea42066c8781a30cd92826317c,2060.51
613835be7274f39d246f0c9c264ca132,2060.2
3d60952351a48ae05804341ab1e3f7fa,2060.2
8831da2a67b7007cd92faef855f9fb52,2055.84
e197b5ef3ad3220f87041f2475b37c81,2048.12
b0c3cd877e81291a25eb0be8b1919458,2045.47
26745aefcbade7bf038c84f9529ba5b1,2039.31
6d394722d5fc5e721aee6875a218d8db,2039.2
af366f48405f787edafa83d61e9ab5c5,2036.86
a7acd7f8aefc1d48f618e3f15c5e327b,2036.04
18d3c0c7617e44eab9bef19f29bbdb1b,2035.86
5330670c6666e6f35a2688802fdb235f,2034.48
3d81d4e0977945889ce7eee309a884c5,2034.31
a5854c79718864cb7023094de2c0f8f8,2033.48
82c0c03a1fb8968a30707374c8566fba,2032.04
5a04d5472eb5ee998250f0977b31f772,2032.0
75a8083e27e7af87d890db460e048efa,2031.47
a813e96ecd044395587037a8314a4151,2031.09
af4add6ae61530f1768eef38c9a52c05,2029.62
b8b32554df7a612f3aefb40b44653a4d,2028.75
10080cf8d46d43de1133521a8567b153,2028.65
0bc62798218b7ebd8849210c509efe1d,2027.65
9cb4965f1caae128f5a82f1345e2e8bc,2027.26
8f86544c8854a0d0b347511a24981b77,2027.23
ee10b948f421cd32fab5283f814d0b78,2027.16
4c4645e724402ec958ead69dbf1ade6c,2026.54
055ec572ac7f3c7bdd04a183830ebe59,2026.54
6ead799d8a12f9095ab29409be2aa075,2026.54
03d1be27ccf6d46178ecd2ad2cc1db10,2026.54
02b6ef845021b8fefe19c8d200f3ee06,2024.31
a3331aa44b50207a2f580848a07f0a6f,2023.58
7c82b91749355c6daebaada73da54e2e,2023.0
921972f1568c1c75a26b18b4cb4ed5a7,2022.33
28f6c5e53f39cd45ccd6b22fc82cd1d1,2022.02
906a8a4ec9f3d4c3e64fa6d1c4fe6009,2020.86
527f7f3237fb1397c459701bc765b6f0,2017.08
a22ee6bd65e350c2d1a0d9a12c2e465f,2014.99
15be5104d4c41b5e0dada09bfa5215d9,2009.62
0341bbd5c969923a0f801b9e2d10a7b8,1999.6799999999998
15dcd36d3c50ae6540aa942684f51824,1996.32
6e328f26167e5c9f1c9ac765e6e95f4d,1995.69
ee4fb55368c4c4fa5069f4c7cbe0ed2e,1992.42
fec38f6590f4d8e78563eacd15f0413c,1989.96
a7ca51c5d161c34444a45ff503b78b0c,1989.75
237beb4b0ae00c80268b9b894ed3f65a,1981.22
8637975a0cb5150b10528f5697511668,1980.71
a0cd1f3e0a9259b6dd8ec0ed4f63a63e,1978.18
e09ede1057212120a291c4fa1f832c63,1966.91
a1bd814d14be56675c1201a1a28a6e64,1963.97
f2a9c45fecbca38c65837639d0e1c0f2,1963.14
ea10c984e50edffb58668706bd0bbfc2,1963.14
f444ba0d223518973d2ab5ee663bfd9a,1963.14
69b2b29382af03e03e486ad307a76000,1961.0
ca9ff40e3d69e5ffc34a46ed9b91451c,1951.95
e650a740f366df1d65e17eeda8cccb43,1944.86
3a205021b542565ebf170c0ec55783d9,1942.6
9b661514ad84d0489ac73d9e24cbf169,1942.0
9410c05c403cf6b73c071fa50c8ae641,1938.74
b25c74b16e09b4a3390a6db984004c44,1937.64
994e2b50ade6ead19626283999638f25,1936.99
b8ca2e14188d8a3ebd2da5dfccb5725d,1936.5
5a7881e38b4a49918a70658e1dd42a09,1936.27
7530369a1ddf13882910895b0559423d,1930.34
bb68ab36f08cea9dece50c4d5f63e1ca,1927.38
d77f9e20bf24f723cb3d4472a1d1b837,1925.81
ac32c69c438fa163767f5aa5c4d0b6e1,1925.77
1a3d1e8b28c0ee27c23333ee108c47e6,1924.03
c5365631fcd0f5ae1802e798e1b7d692,1916.96
14cf3e40a2b5076d2d0384a7e68ca06f,1916.08
95376669d92be6a7dcf0494e0b1d9917,1915.53
cd020f72b3994d3dda2f464efe9aa99b,1915.13
cef29e793e232d30250331804cdb7000,1906.68
e7ed4f9558a25b5403b41224518d052a,1902.55
9df040be9d7656d4c912b62472bfcf05,1901.62
025cf7c2f32536f0be1ab412bb6602d2,1898.6100000000001
66ec2bc0802dd4fa439e49dcfcf813b6,1898.27
336e748851ceb9da362d2d5e0b2f4b85,1894.41
9654d6df6a63f5a9b61dd5ba0e0d8286,1891.63
7e1dc025d12dd45046852917926fbd2e,1878.39
94bbded6a4ac8a3dd9887f99861bf608,1877.84
196fb9c6acb3d8e681f6691d596a21fb,1872.26
62a71b17bb35ca8351f0ab4fdc7a3354,1871.64
1ee27e3ae93ad59224094a4ea0c71dc2,1869.8
0c2fa77ed1433d1b2ed06724ed0d5237,1867.85
93bc212addb25a5f5139fded3c2ee6b3,1866.7
fafe2f8e0b7065fef995698ef3809fec,1861.26
74a63835c6e5eaef19af58cc83f663aa,1859.1
23841d4abf4583dec7773f3bd2fe267d,1853.75
1eb6f015c37dc8e3f5b531fbca809a49,1843.85
01858f2fad256b1689f5bdafc059f745,1841.11
18360e41b00709cc7b2c6f391eff829e,1839.05
15fbc48df691e0ad51b0cf30d86392a2,1837.16
89b692db0c2020ee873dbf261d941543,1832.54
8d434defc893fd9ac17fabd1462cbce3,1830.99
35dac57557b3ffbf2f231d3c1483fde1,1830.9
604b4fd4dd22b3811eca8c2d4f1f63c5,1830.12
8ac03172dc8e36a4c5e0b694ef3235aa,1828.41
d61c923fff01b0e448672a2159ed5757,1826.34
0326524848da9311350236471586bd61,1826.07
13fb439d0a2aae1e3200ccb4dc9b37e7,1821.87
6ae98e2bdf8d09e86cd16479fa511f9e,1821.82
0adb59a4ec552b5ea48414b79861e292,1817.54
66b219a06a37d7129406e32d295a46fb,1816.11
c40698869e63dc7c57f3f66e767e7287,1814.29
bf31713750139aba4c36772dc9459f44,1812.33
798c34ffa9047399853eab8ca7c0b9a0,1812.19
6d3c02f03efc71b44d52999fc95fc86e,1810.5
6e47014313b6b80ef3dd44568083862e,1806.68
77c404a3e8a4ee3808befcc4663ac123,1804.05
f3140df89d24aa120f087331fe18f773,1803.24
ac0ec8bdce394d27bc6c91549f2b5091,1798.01
21b7e7811ddc742cba9b74aaf89fb281,1797.73
280bf653e57167086c1a8ffd18b03ab1,1793.23
38e482d7770a43f5929378c4dec76d5e,1789.02
26ad70987fa3435c6279b8c3a5f4980c,1787.72
c11f76d3806da64a4c64ea47627444e2,1784.2
9cde2485320efdd065a76233a3612623,1783.7
525cda9909aa001ebed396f6e55eae01,1782.9
4550984876a4424451525c6854a996d4,1782.55
85b483b4f7f7bb9fe94d3ece0a3cab93,1778.01
141b3509663d0e6c8735da7d62fcfe16,1775.26
d3bf48abdd573e74110b3e79d7b07ed1,1770.72
b3879dce6b4a3b94b748b6c9b567695e,1768.4
20a5257c01689ac69410a14cb51bb447,1767.1
ac507528f385811a6feb0e3e1fe0afad,1761.64
4facc2e6fbc2bffab2fea92d2b4aa7e4,1760.7499999999998
082f4a93605df980ab01581db54640d3,1759.26
c9b33c9f1440ff1ebc8d4fe9b182614e,1759.04
397b44d5bb99eabf54ea9c2b41ebb905,1756.5300000000002
910f0afb84bc778e856d3683c7e8a46a,1756.1
9770456b4233cdf2363287ca2295650a,1755.35
7da11710b7b7aeebec5c91a6057c9969,1755.21
f6255a326ff4c43107bc0f42f433be94,1740.39
a1a9e43decb5941c1fc7f7c5fd507c5d,1738.17
a1044dd75b74fbc485b040575a14acf0,1737.88
10811ce4adce690edaf95b2e8eb3845a,1736.3
4d32ae832a9e254bda80dac89fd37afb,1733.7
2c32247bb780398fedc970dfa0832e25,1733.34
a43af8fbe622cbe4be01322821f61145,1730.87
6aa828fc903b810472cff927dd42b500,1730.87
4e284eec447afc7c7d56adeda4bba178,1730.04
2f0ce2fb407114dbfa866f22c7cf9e9d,1729.98
42f1fdf511aeb359f56e375cae330892,1728.81
9fc8316f4c0d0601664216e0a9327ed5,1727.67
132f423dc424a05048538d51a18301d2,1725.64
1d10557878391272c010c263dba24b66,1719.92
55b2d632bc5b7859767c1efd222c1659,1714.21
f94b83157ce2162d5eabd54f242d6065,1714.02
d233f180804b66001abae78d15d37d10,1710.18
5a494c648fde2d1ec4eb614274ea7159,1703.38
79dbe8f7d2cd77fc463cfb663ab1375c,1702.35
aa1d9bb16c635762854fcd37dd575662,1698.56
92fb5b65fbbdfe7d8e55e53e0af5a971,1697.45
598338796239e698c67fb95bc368de07,1693.31
145f5c920dcccbb95081ceaa800df82e,1692.59
5bc4d654dc4eb95cbd977eafadb38383,1692.05
923c196bd8ad794e9d13679e356c43df,1690.95
079ad4f138ec38e726e7d9ac51ae1410,1680.25
b8521fd4a5dbdf907f969af459a46838,1679.63
3bd9e0cb53a95db314b55aa82f814502,1677.31
c8639255be49cc9a738ca337bcf2833f,1675.71
c169c9937db997a267f749cdd64c161f,1675.68
ff0e4a6f3114ad1d211b885159bf1eb2,1672.67
2d0151326be4a97cbfbc8bdcef558e10,1672.08
28e7419981c810e071e0f6b061129fbc,1672.06
fac9eb2c3c550f64f779646726710b59,1668.74
e0c3bef7c7e5679c7776c40abec7fe2b,1662.02
ba3f35c1ecbfcbac6854edf5ffcc198d,1659.84
5a1f8efaa6ce666e9622bf2e22c42aac,1658.81
3d16d54112c57c93d5bfaf6b395b3f0f,1658.7
9fca9eeea062d51882419081f80ba5e2,1657.57
0b8f48c242246419f92b6c43b0165010,1657.11
c89e2005ddcd889c687343e2a7d7a115,1655.6
061e0d9d23f099ebcc78d1c90f94dfbe,1654.46
87c9e7ba960e4c2e6bd786b162adc639,1653.98
bdd88e5f6a6810d95baef27f2f6055fe,1653.6
cb6224938ef72376e7f5183777032fea,1653.6
99f125422e3e42df876a689e8e217798,1653.6
67d859ff554d120ac0826e97df1175d1,1653.6
3d16152c514410c047904cd433439892,1650.56
d1aef037cd06ae9e8018d05efd0ed17a,1648.64
6d8ee4a9676fc8b41d3edc2a1eb46579,1645.82
5993c0ed4bc51b72a8332bb7fa4303c5,1644.76
0a8ddbf973510e50bdbfd4300dd90385,1644.57
c1099629bd44f439554021f60cdb120c,1644.36
67031f3c7bc5f28dd7b6344294b4ffec,1643.64
ae4b37b37bb22e37fe34ada808837207,1643.04
03fe4b83d144beca992a5e3cffbdb5e6,1642.54
36d7df3b5d8326ec792859208e53ac93,1642.11
b0ee09a612abb2a24044216adc08b665,1640.6
3e2dfa26943efe5cf2f76a725b6675a7,1638.72
12138e8ba93973c9b561253683f5581b,1638.35
d1c843178ca07004edbe2ac277b35bcc,1635.64
29a553dd8a1a0a22d1ee92263463abe9,1635.64
fa03405c1fce3650144d97158b4b1849,1635.64
74092b9d4919431b8b4c02fd8569bccd,1635.54
13d04f61bea0332b8d69918a99e7fb22,1635.51
81238d4299b66d04234593c4a832773e,1629.33
d184e6edddcb1c912ebed8bb8491fc85,1628.6
c6b1d0d394ba367ae48f9bb69158231b,1628.6
fe203d7588a60b447f5c5f089b967097,1628.07
f6e8b25c5a0d2fc779a3415df14b2f88,1627.84
ffba9f9dff87b05e310ecc46c8591044,1626.83
ee1ab7f8a445e29acff592989e83a70a,1626.65
8411ef4ebe0b18e75fd75efde5455e15,1623.94
6411590d91c48640cb07e72fbb4a359e,1619.73
b5d5805f04ae037ef5de0d12fbed7bab,1617.84
650f945256ea49b526cede6f2dbb89a9,1605.14
856cfe0bdb5bc7fad4061781400c54da,1605.14
43df16fc8bbc0499aa6bf4e582dfbb66,1603.25
f0d3389b217aa61b5a66744ddd694cc3,1603.08
005226be8d5b972d0f72b4e8a79f322b,1600.51
4c21c589db03eb65cbc452fc470850cf,1591.24
fe81bb32c243a86b2f86fbf053fe6140,1590.76
262f884f74980c0ad26fcaab579a3294,1590.25
fb94a0ec084fa8e33ec943992e3c6929,1589.57
fc24db02becd484accefaa5af59c18b1,1588.9499999999998
3629a4b18f2eb69e03f153158e48d2cc,1586.47
8b20a60ae8a273e444118d6e8a7c3627,1584.96
057dbb60927c6bc5bf3ca3f2f23e447f,1583.71
5eb539db8bad2407b71782f1d55a4826,1575.05
71150730b022797afd6a487820125da0,1570.79
d941a608aa14794954f62d8c3da2b9dd,1570.21
ff6c9c45f6cee4ec0785650b18322d73,1568.72
1b3033b0a47ab66dfbe6607550bfe38d,1564.07
73e9c626827cd8c4bb38b55ab31d816e,1562.57
9d0ace373bd69cc599d745b9d1a323c7,1556.7
301fdbdb88825096a683fcfacac44718,1556.67
71c99dc35fee93881af2d5a1edb24442,1555.23
b3fc51a2057e04657dbe29f48f3ecaaa,1550.68
4dba78a69f5fb2d5ba4bdf9696e1eb8f,1549.41
0f5ac8d5c31de21d2f25e24be15bbffb,1544.8200000000002
3ec83b54e0afb70def9480cd6b9097f7,1544.7599999999998
81446cd6d7ceaddfc66d7ab9ec60aa55,1544.62
34cd0f2f38a66796cfbc8a33ece7448c,1543.25
9bd3a0d5aee992c5692a2a912a50d2fb,1541.7
f94c00f0411b6a3e6cbde94b120fb786,1537.04
4b3bb0581e463066eed601f1991b4f16,1535.22
b64460d7d925960dcf9beefe03131679,1534.98
6b2af0e98d36916cbc15761bf6048220,1534.58
608b221bbdb07cb279018c0dd04cc730,1533.62
85333adc71614d177d3ac54662b036b2,1530.5
231d36f5c4b238c26f449ffd98c79180,1529.2600000000002
6d73eb39c724d3cd0d45e9e1b6b963a9,1528.03
b5585a338bb22b66f02541df26cbb9aa,1528.03
0cfb94f148a3f7b02123e6f64e6674f6,1527.51
caadc9a4b4dfe30f56f399821b71c6c3,1526.26
b60a410d454528f9b70cd6fb479fba68,1525.78
7e251bdcd9072568271fe5b5b824b6be,1524.24
f78a6b62ac5dc9638a4fa0fd5d7b94e1,1522.99
64ee3e71d9a27034db0c6a48c29d35d5,1521.75
6d887fdae7b23b09c8108f16900dab42,1520.71
361dc89b24a5dc808b2803a1ac33ff3f,1518.55
b11b06cfbbd108f99b4ffa44e865b1f9,1517.7
5b7b7009010e8dbf35aa64441cd01b25,1511.86
012a218df8995d3ec3bb221828360c86,1510.38
8e18da3436d8a163ab9540768a94b22d,1507.56
55ee0c6382f5b5f0b42a1fa608239e5f,1506.68
ef068814b087cac3c1bb6cea58c98480,1506.05
8091550abd9ca29ba409a70cb640af4a,1504.61
1003a1d72627f1a71f255e239aaa4bfd,1501.45
fad1bbf902fbdf64f92f33d010ab8cb7,1500.19
7fa6d33a71471ecc658fc9557bba75d9,1499.87
e7d3b17772a74209d76965c84d5b286d,1498.46
f5ae59564b848fb10564d9fe4a478465,1493.45
58f887ad477318fadcf6a93a1e24c076,1490.53
0f5f758216c397ef8237f5d1e236e9b8,1489.47
c6f70f6262d971489361b0d4fb0936ed,1488.59
76cef8c0830232a6298b50d60153fb6c,1485.31
b248c92ec54199bedb1d603e0e6f98c6,1483.26
7a44821edf14b2b2ef3ffb2c6e837e5b,1482.42
9eca552063680b7cd2ed0e8aea002b21,1482.24
b0e6870a2c0f7a96e18c84c02da14f94,1481.03
79e12483f9b14c3254db94bd137a4b70,1480.73
739209d88340a09d4f6d29cc809daa67,1479.51
ae06b0187a99aaeb5e845b9638936e7d,1479.51
5a0b87c34f674cb92d999d2a37096227,1479.51
4e5a10bd8f468ee5acc890961a2b7ce4,1479.51
7efc49d7862ee114c0ca869b439bf381,1479.51
bfb1a102e6fe99d83c5e78e58370a8de,1479.51
fc360164eb368b0eb12c1d5eb2bf5e0d,1479.51
4d402e51f4e8a128657c7ac78b59bfb2,1478.95
d3729a20d98aab032427c9d19d7cb7b9,1478.48
b35e7c1ee8ccbce232fad3bc996e6298,1478.45
4711348768db55c57a67aba080ead566,1478.1999999999998
ce8c3a9189899cfa9882c8992bf2838f,1476.8
f85107d1dbc6b78bb1c784d5928c14c3,1476.07
f03553cc2a5d9a0d2b945ccf7f4c54bc,1475.08
886583680443fec2ba8b1426cc6facde,1474.76
985e93167edfb07618a16a7b9c12c75b,1474.42
2be7d578854588f75b1922cf7627e1be,1472.47
8d2fb66164a84b76626513d628bee2da,1471.51
eb53ee675b0c79d66e25fce46957e1fe,1471.51
430f484aaec4eb059a1d074f4b0ef762,1471.51
c72e291ccf98df8df8bdc3fcadf64f35,1471.51
10dbffc4a798d018f58224da1162b90e,1471.51
acaf9c8dbadcef1c6ce123806c9e6c34,1468.45
da1e7179b9c5a1494d78528cbcf05aa0,1467.87
2bca9b243e976aed908e12f74fb30370,1463.37
73685133e38f5b824324971c0274855a,1462.65
77fa3678811c2abc56902a24273a4dbd,1458.51
72eea0b98d06729e6d5f824b1b076d13,1453.3
297ec5afd18366f5ba27520cc4954151,1451.0
fd03997c82649affc061d275ddf1f3d9,1447.02
3dc72442480b0d7485969ce3125d0256,1444.62
3d540559ce0677a17f45eab0cb113c8d,1442.84
da9e0576ca0ecbb67dc3778628481caa,1442.79
471d491452eabd128b8fe5b12b913f9f,1442.15
6e26bbeaa107ec34112c64e1ee31c0f5,1441.6200000000001
38a4f1deb45ca914dd13c73b41775d71,1440.1
a1a1c5083998a1ed55698a1b0d005def,1439.27
0fbad5f5683626b3c234ef751d2ff166,1437.64
3422b60bce08b606582660acdcdaee7b,1437.15
aeb502c0c495c56ace2819cf6f9235f4,1437.1
ac6152d2a8d11ea64813c56676d73202,1436.84
be74c431147c32ab2d7c7cef5e4a995f,1436.46
79fe0e57517b5148b07e5d8645eb5095,1435.58
78110b00006c6033e83ec0e79ade3081,1433.04
6899ba25b05f771af3ede719ef5c861f,1432.92
eaa604ab9f816252edb7a8d297f932e5,1432.21
a88cd5c40de7b2e386dddcdc5749e527,1431.63
679539028487c610a89de1494fef40da,1431.33
4f8f99500e6fc01d458cbc399f891cbf,1430.91
0129d48dce554d95f641d01eaa88904a,1429.59
4897f0607bb084b7a12f7afeaaf30c08,1427.58
cb26f33c1b5055d997cc798dc94790d5,1427.25
97071ed6fb1ac261920c48a146e86c66,1427.04
c39144ea573bf91bb79650405c09a76d,1426.58
774c075fecf66d485d49c837d03c71e9,1426.57
24e998dbc3458fe7b77b370e6d10ba57,1425.56
ad5dccfee30bc06e904e446616419ff4,1424.45
b1791d73a5c0e297a0e8f21699078c5c,1424.0
fdaa290acb9eeacb66fa7f979baa6803,1423.55
939550a2c0964d6ad3d9974d3e626d0c,1423.21
0eee96b8cea2f09a022e9e5acaffede3,1422.05
066ee6b9c6fc284260ff9a1274a82ca7,1421.69
6f692962aeac7cd4a868499095b24849,1418.86
ae5b077a7ba102a667a435d8bd3a24ec,1416.95
73269524708916d11bb873c7275e3b33,1416.7
5f49c05291e2c5b88dbe730e3c649c68,1416.41
985289b5cb474a6e97bfe8c85f0aee74,1415.8
05eb062756e6d4358e72b1caf0ec22b1,1415.66
a5934d510efd935a606ea73b93af950c,1415.66
79954dd2287a62e7d680548d0f2bce60,1414.7
4f94b2a128e75939c61c188212388e3e,1411.62
a58350975662c1816a7c8f01bf816bf6,1411.13
77dc1d016a6ff92c1eb364ecb3cc6aae,1409.12
41deb1284b6550426194070a1ea8ba32,1404.41
fb98136edc2c0f996bfad36a0c7e1306,1404.24
be350e7235bb5363ff3f3cbb1eb4ab74,1401.85
540bd689a2065b9177dedb9758cbc992,1400.33
f0daba1cfcc18d5a3229e1a911313e3e,1398.18
d130666a33d3681209c5c752fe56ee10,1395.76
d409c5590a75603ae1fe24d66d5008c7,1394.77
fede1f9528a564c1a22bf64bb7085bd2,1392.37
3e134146f147b595885be88b67d8f789,1391.89
df030c3c1d42349bb0a40197e53316ab,1391.79
5d1fde9eb27149c695624f8bb84cf6f7,1391.39
d3b0732fcd6b002c3ad8364802840125,1391.35
12ee9e2cc00e2a5156a2d869b82938d8,1391.35
f012b339d79831fed338ed7a1d256bca,1391.28
4833d5607f30e40265ccdcb21b58b7ad,1391.13
5e7e0be1ac6b95219cd8a74b42881f19,1391.13
91049771b745aa43500e4c82ed6a2241,1388.98
97734fdca127fddcb5f92f841690c3f2,1388.68
37b1b1515c5f1c4a06510269d5a36a4e,1388.43
5f2f6fba74de007241fedfc485b72ba7,1388.3
64b97e6d3c070dd372d6310ff2c632f7,1384.74
cc073557e57ba3526798e69697e37db3,1381.87
4a22982d15a6758ba7a93495769dd490,1381.83
1f98d2384ff7a372e6a2d3bb75cbcd54,1381.41
58c1b085b54c03a1f1ab5f13d64c2b1c,1381.31
bc45674ff2e33eeabf20e6eb7accc4a5,1378.79
3f9bb1cc786f6a4ecfd6b3d868d39357,1377.99
920bd0e1c74c42bec2303941fc03374c,1373.83
c1eed380c5284f6d86f7263653ef215f,1373.83
d1b6bbb5ce2d0d1b5e5aed73482ede19,1373.83
3f6a946ec3ed53c151d8b1eb1cb0336a,1373.19
e92a2a874e305a7e920b0a0b308d5890,1372.25
cb1c3c27a1cb278c594f7dc5adba5b3b,1372.22
0820b88e46f48599042bd627fe954b66,1372.1
ecf7874aa8a2586adf6ca37fab21ecc2,1371.88
5a050b063ed2697381b449b2ff7b422e,1370.41
f64f5e0a84f83461a94633f89a0dc10e,1370.26
4bdaaab3c645dd18eed3c3bb8ddcd6cf,1369.63
8be5c6cc1011c8a882d3bac857955b3d,1368.87
35b887857d9e7902094a37e9f2e51796,1368.11
1810e538a85f28a974dca2ad08da3c62,1367.75
547f5f9afa998b2e599e0df6584cf838,1367.5
855d32ca5e45bf54e4d88c29c65cea0b,1367.23
6dbe8af63482be15d8b0ec1b9dd31a29,1362.37
1159db37e256a4e27f777ebd08b4da05,1359.47
aa4e2575d36a7b89546ca2e4087e9396,1359.4
b8cd1885a1f24d1ee81ab66c54b76f11,1358.75
0424c5ebdb5ce70bcd7b596efb17b561,1355.73
58cb2f5bcf3fb5994bbf852e86978047,1354.09
6c749436fe7ecef4596739d31d1d8e63,1354.06
2750ea8eaed9066e36245a18802eac17,1353.28
69a43b90b7f45f07911d140b61da311a,1351.94
8ed5f159139eb38172d25a57e129e87f,1351.51
85101bc666e06929fec79cddadb14146,1351.51
f9aea0c7384b3015a0c51f6f9d08e9eb,1351.51
96e91c0dba30f7ff60c9acd47677c248,1351.44
8146bee4e40885be99560ee012659bcc,1351.41
9dc7e983a9dde2b110ca06f7547d6b5a,1351.41
0a247a228e8d48fc8afbc28c2e8c1691,1351.03
7e6b73ca13a846a38c86885e98a63ada,1349.16
d687c16dcf223790dd97278b2cdbe240,1349.05
3732057b80d20e5cb53b859b7bc57a78,1348.66
07c9259c1afcbd1f6b416d9985782083,1347.96
6976991546a290faff14b82abaa65779,1344.82
f61d858404cc299afb3a89451a92f91b,1344.46
69d93815c9ea08e83377d78cb088a295,1344.36
74436a334d42f9516826a7c3c6d5b226,1343.44
46d2e80a1ca0ee7a62db0ab302e8b4b7,1342.63
d95e736f831986871d6bb98ff914e9a9,1342.63
63923c0ec5cbc6893736efc26df5767e,1342.03
61e20081e2cdb77bcf311d438c3528a6,1341.55
09a404d8a68d4ce0a92e7aa4848402ee,1341.45
fb71ed60806ae68abb00194fa02647a4,1341.26
aac441a39c3a5649e0378fcd43a9ba9f,1338.51
69a96af4277076a11bf7a49d27d867a5,1338.51
bce40e163747be50b7bb83f016591e0f,1338.51
e203d1b0b0762907665230d52c223d73,1338.51
420add00e535c5b9caf4e5f34c69124d,1338.41
1033eef37a760a832f9b2332ce23fdc5,1338.41
16ae388d8c36c71739021268d3578191,1338.41
97599f226d383eed46713abef6325439,1338.41
019ac5580a897d52e5ed6f7ed89ade27,1337.19
fc1266d06a97ca5314f0b3d4def53a5d,1334.28
217292034a9e98acdd21d0642afc64e5,1334.03
b3441a427e8889379672bfd441f5218e,1333.55
af53f59538b3c60899f492ca03b8c85d,1333.25
d16000272660a1fef81482ad75ba572a,1333.25
95a0e14dee86eb0eeec5263fe5fca796,1330.88
f3b7aaba2ec5e60963dfe3bf537a54e0,1330.2
28b9099dc6577fdeceb2e4468e69f556,1328.08
a9ac0830ef6d1cff282fe04077d56021,1327.72
5a95daf3900225ffe545478a36feea4d,1327.54
408604325b96735d6dbed039246efd64,1326.85
6ca64aa28917ec5f253c90fda7032b6c,1326.85
482b83576bf1699dd0a448805e211146,1326.79
b9aad088d2ce9501d59cae5754b67226,1325.44
362135e70ef2c6d5b1d551723523f78d,1325.44
1c7267f397e6ab4a4bb183b27dc65e92,1325.32
9aed28a7d5e85a3f48fd4a23647dc8c4,1323.79
314b61600e5228a9dfe7623fd25ba846,1323.3
de4e3ce43bd5085fe445e08c68b950f5,1322.97
0fe9114129c81c945c319dc5af0ed961,1322.97
08285c6499b42230cd7a9e5bd0242164,1322.69
a56df37f1251ec47d5ad53dab3043f38,1321.63
06b77fff2cc4b645c3fcce45c57fa9b1,1321.0
f25d770c0aae2cfe4f2538f144a15b59,1319.32
63ebabf91afda8d43e0f6412fcfe6bf1,1318.06
51c6848f573e6dc72a7f13433273871f,1317.9
bcba7868e02e9ae817e38bd543bf503d,1317.36
ce062bc310d6e7ef233195118e090f1e,1317.04
f9172a6495d46451776be8bc8e46032d,1316.14
673e1a98d359aa4eebe7722f4864c86f,1315.9
573711db86c6c9e1318ab2854c63a295,1314.99
1c2214f2e89df8198bc28e21bb723dbc,1314.95
f384b670963f2cf3ff4909da5a5c93e1,1314.86
dee18b46b57c871840488ddcc81f1ce4,1312.67
c70dfb293b08af5444cf2cf527b8836c,1312.67
e3b3b57caa0974d93ed5218dde2ff4b3,1311.46
c27fe69be20acb0c44a690e39d19ec07,1310.95
0bee4ef1025816711bd8c531720da011,1310.95
35356c16fae0b391a145686820926bdd,1310.23
064fb6f70338688d1372235d95d92ff7,1308.18
b25ff7d6964d189833a66f4f2f8b2f7b,1306.26
4ad7e8137a8f2299cceb563ab66e0317,1305.51
21bde4e982c4681021edabb899bcebfe,1304.3600000000001
be2f2a80a6cfb6001c403b7a01c87db6,1304.02
91c54819f9e5ef20191322ccff6ee282,1303.5
84b6060d044cc7456db328c95b75ffcf,1301.01
f05f7e19011117620793abe23ef771f8,1300.57
b632c70b9c2c062dfacbad69e08f6563,1300.57
fbd4d7e33bef85ee6e10995ad94ef88a,1299.28
fc0aab61ef4538d51cefcfb054fe809c,1298.1
12ab9334b1240d6d037f2b0102a49571,1297.47
4e1cce07cd5937c69dacac3c8b13d965,1294.6000000000001
3b74d8b3502e3c66e17463cafb35b89f,1294.26
ecdbc4bf2201c807294c7d8c4b777032,1294.09
233ceaabd644ab5ae86989bf16b4d70c,1293.27
38d92612568ca6e3d6b478e5fb004a6f,1293.26
3ab2f8203c5f8d73a1260109eb82eb20,1291.39
d33979cbff02d251c453e1b7daf00d84,1291.39
d387ea85dc301a91740e31360d355686,1290.88
fb5326fd8dd9f7f52bae66d01fc54936,1290.79
d5174582d64f45f60fb275eb5e4e085a,1290.32
778a607e77be028910e557f6f608611d,1289.5
2592789c0e70f4d2af39afae4dd431ec,1289.0
9bd3091ad5fac62f6389eacf9af4c571,1288.74
6bc964ef3bd0be200b241a1910bed144,1284.78
416c7355fe18f17d41770301769f3fe9,1284.25
198dc221b76657718f8c38d49daa83c9,1284.25
152dc3cb53d3e3bb539500342e37f3b2,1281.12
a6d07e9af5c1a10994f572c37b3cac59,1281.12
401da002e87b8f5700cb44af044ca0bc,1279.1
d132b863416f85f2abb1a988ca05dd12,1276.52
dff33bfc45ae0becc55ce9b50acd4073,1275.77
3c08208c1c33f579bd243d16e095d762,1275.39
1a7928a944f6c13daa6174dee2c6bd30,1274.51
5457ae2c352c18e3bf5cba68301d96a8,1274.03
cfe81af64110c8dc0d10459aaf9e3864,1273.16
797dfdfe7186f9a2d613ae341c170713,1272.76
5ef749f2915e7196dba56703be6d9eaf,1272.67
415ac2824b13b33c13d9d0180050cb6f,1270.7
f937a59ce3711b1cf5bcb7491fadae10,1269.5
e35b2a3c980b6e0fc66c66b8e1122e93,1267.2
f82be7dcd0ff430255f7b521413ea98a,1266.94
9eceb9f7c2bd232366d8b271461849c0,1265.83
fdfc9e2e8e67be832f8ef6ca4e0f2be7,1264.17
905d074d367922a5b2a7b828108a8941,1260.76
e302c322902a96b16c819192d228f57c,1260.76
7249013c9e600dd351fbb2c074d85c6b,1260.65
3246cc1ffb8b0e719e5ba4db0443185d,1259.04
b1324928500c7eb187957630199b6113,1258.73
e724a8be5b7ecea71e80b27541edf7d1,1258.23
2de3c52d71a127ef29e31067f8216447,1257.96
e0ec68a8b0e7ef75d72bc0dc54aba121,1257.96
7e0516b486e92ed3f3afdd6d1276cfbd,1255.71
6940ba069c2c25350ea9e059b35d7d23,1255.43
33176de67c05eeed870fd49f234387a0,1254.0100000000002
919ea99f96e6aeab15e0cd635da849e0,1253.86
e015ce18751465bc79eeabbe3f0064d5,1253.03
8460af5aae7f05ab7dc46830fd995669,1252.81
62a459e5629b03dd73134964df732077,1251.7
7205d0e91463af8c4d0fb5a7ac8b6487,1251.44
648c4c2cefed3d28d6af80b6ddbd7563,1251.02
df1710893e1797d2c3d83b8840ddb0e4,1250.81
6f038d97763c80191934b0c1497bbcf9,1250.81
402a7717482f5f9be79614db6042aef0,1250.81
90388457aee662815a374617d4eb475c,1250.81
7d7dab6fdf5d47278f2390976eba4b74,1250.81
36414dc6b57449efcd078f612e0da33f,1250.42
cbd08b04b3f301152b7570da5e9c8cc4,1249.8700000000001
6130b2b1b5ad417bf024f4fd8b7e5054,1247.96
6b99d13a1a3299af3a6261bc1263d3e5,1247.36
60103f7968de921c5147233a6885185c,1247.29
b045295488236fa73d8d9c37dc4b03e7,1247.1299999999999
37bc3d463e2a0024012a7fa587597a3c,1246.97
0af81771d11ef9e0807a929428f9558d,1246.9
2429bb51d20f9cb48f7df927a0199959,1246.42
3b0610a6b6c37bf5e849e71914f238c6,1246.34
e4f9bcad0c607f8793a0cd5943d11dd4,1245.09
949a5efc8cd62cbe3888026bd0ddd1f6,1244.74
af8569990cc48ad6c010776bf9c3986a,1244.12
5f7f0d66e0f4c4ced578a53f2e0b2264,1243.66
33de26d1fafbfd4945eb586f7136efe6,1242.57
7fe33c78f78af66702aa8acdd82ffb55,1242.54
0480fb293e9b6ecd62e3696ef83dcf96,1241.19
06aba183cd0d3861cba60604ec558c01,1240.85
c106df929ba7c1b2dcbf7af4d0d60ee0,1240.85
75aa3869be687c067553853b124bbd2d,1240.85
c83a0fac41694e3ff9ccd2bd61a1a892,1240.85
6c6c296e1853f83bd38e8b55eddeb2b8,1239.94
142d5012ea65ce29d5da43345b01ae0a,1237.81
cbbe4b5beeea8b05dae43cfd1a73e6d9,1237.81
ca6d9bc2e717c2a0aa19d77a3bfa5398,1237.39
f34cd7fd85a1f8baff886edf09567be3,1236.76
95295e9cda1d086d82030c9485f14c74,1234.62
c114c44566c2d172b520bc3c8785ffdf,1234.62
3f06fda2dc41472d9b29a76ab8321006,1234.62
e3ec2f7923b9043340423af694cb6c81,1234.15
1e497c35c31d2c947d234488eac62e87,1233.42
b61b38d88ef98dd66fc100efabad2557,1232.85
38589c29dc87cf47d66d8410af1bebbd,1232.85
22770768e9c650851b78132a4d881128,1232.85
9b0032ab4433b42478125e1b78af92b9,1232.85
311787523e8a6ac3c3edc54c301c3a52,1231.52
a6b61ba2ddd9a18d0256d3396c5d5f02,1231.29
32c8b7929168aeff057dcb2255a3dedf,1230.2
09e9991c50513a303a2da26619870d7f,1230.0
d5419994a02a55d4b7cd00e77fabdbae,1229.4299999999998
87bbba8720d775549bec72aaec36ff19,1229.19
0cb6bcb4572e64a3394ede6448db0482,1228.73
2e9e0d2396e2ed1a9b9180a1e8300cfd,1228.03
0a834292f8691cb3cdc64caf600c61c9,1227.98
7b7a886f0445009847efbd1fac86c093,1227.89
3a52bcffd7c61ceddbe72f54df9cec5b,1226.84
aaa32d09fdb08f6c25a8a39679fddb70,1226.18
f62c860473cbb51bca3cac597d7b4d27,1225.99
06b6656e6aba924b64a5d671d1b1ec2e,1225.59
a8782b0257ca3ed5cd665f5e7a0bb0c2,1225.59
e271fa40aa8fea4e0f304b3768b65d6a,1225.08
843e48262061b0b390b99a05b40ab0fa,1224.87
c36740798c2d886ebab52b948e2b4f4b,1224.1
e557f27be2ff15a34d71e2932d83bea0,1224.06
c27b3b31889d6298101191434c42b44d,1224.04
32cb21bc086b7b1b26c8d8a6cf2d35c5,1223.7
f33baa86aa2c92e4af383e14b42913ce,1223.6
55ab20e989d0c5b1525c66e47af087a9,1223.06
76265a1cb8a13604fda3632daf9db6c7,1223.06
614020cc1e7dc4f8a5fd38ad06bf6cbb,1222.94
e876149e8061c041c42de31b4b74da37,1222.8
e403044f5e830582e39dec1f4aefcf56,1222.46
9d12af31b368c64151ba9f2177d4ea2f,1222.15
2e84e96b60a44cf2226f416f7b56d031,1221.52
05292bc3f6db7fd79133285a32a82d53,1221.39
32d935537fb268d349d5d14d7e778a2d,1221.39
1494a353bdaf53ecc67c37956a57d929,1221.39
8733d5194de65480195c9afdc3bf8881,1221.28
a1382f97cb0cf468fc4f3f63e88d1542,1220.73
1d76532b1b78101db23eea9a68c5a442,1220.72
653301d19e839ce1441415f656244435,1220.64
3e45a109987cde39a119cd1a7eade7ea,1220.0
4644f1b187e390a08b4c66fb16c91364,1219.32
0aadc1d26d1c8b88a52c39a533ccea93,1218.6999999999998
aaedf12224e003d5c349202461059c8b,1218.34
d10fea7c0237da4a4e1871b0eb49c0eb,1217.78
d847d66f1135608cc13cb31f967f902f,1215.42
a5afb1cd8d3b8126d2d39a7a29880c09,1215.15
3442a61b2d5bfd9d605d6943701ad650,1214.78
ed9d56556693e0497814d1ff8607179d,1214.65
51b406ecf979a9fbbd0a879286210195,1214.06
e36d108281c19ba00d15de8880a51b69,1210.62
5fe66773a91813adf33a391762abca74,1206.34
a35a5dd77ca1643b8f45340f5cd94606,1205.79
b052fa7d7e0a1fab33e1a2633ff40252,1205.0
2573467bea86fae9af4db442a1ef23bc,1203.8899999999999
c4c35b9d3d1e2564334d3154ff7d28a5,1203.68
44fe005d35d016299a6e515c312c292a,1201.55
ee762d128dc459cd6be2257f85653b60,1199.47
f9530f49c87c33af8b3ac5300b550d95,1198.89
143b3bef03194ac68037506e6fac66a4,1196.78
6bb535b0906b43e0041916897667aeed,1195.23
0ec5bddf9b389fa7c737a2db61b6577d,1194.38
ae27f6bf595c66ba93b3aa1aabd83597,1192.48
8f90c831457ba0cf3172a739494f5640,1192.04
2846c0c6219403dd2c92c53ffa41453b,1191.48
4c4b5dc90eb4e33188153ca3e7999f92,1189.3400000000001
e246473a236ca29747182e7986dbdb7a,1186.58
9192e3c1a19dff9d0fd083d2d1a08398,1185.58
ee1b5488e7e5141b4c02181185f1e080,1184.55
d2ecc28fac1b377eefe7b209a895626a,1183.46
a7a0f4f2b101a999f584d93cef692b2f,1183.3600000000001
c9e65162671f920f88e4f689366b62fc,1182.31
bbf79cc2761d5dd29a99fcc49e00189e,1181.11
37d2bd687b1dbd293de12633b9160f3a,1180.51
eeca0a04eb9335415403230a0724d062,1175.58
b9467743ef3bdb1e53f18199f809ed1c,1175.58
45df9701a19ffdd972ae2c39b0d10edc,1173.84
dcf5ec1c1ed0ae75ec58cd522d210a0f,1173.84
729f94f1736784228b7b69193fc2e880,1173.71
aada65f37d70fd659662a2fdc9b5ce45,1173.56
8b4870d5e710991db0eb07f29084b00f,1173.11
3e43e6105506432c953e165fb2acf44c,1172.66
9a333bab1b87584cfde9ecc05b7aa668,1172.45
582af3879be5c1f566b1fbae2cd0e547,1172.45
5193199e9fa14917b155ca22087f1ca0,1172.45
2461b6b13582d11fa2d7a2c20c6b921f,1172.26
3b97119ab53db4ae0144dff13c2ee26b,1170.78
589acbf5a83a1545b7b1956065ac2fa7,1168.71
ac520dc7cb6f47563c95f9f2324a567c,1168.71
ba57f513bb30f77cb352b1f6d1da6c37,1167.04
b92f5d1993438887dea8aac081e3a0f5,1166.44
e6aede5b2818df1b512845c729cf7463,1166.43
e490e6ff8808446e7b6c9f39ea5926ef,1165.99
b7a035bbaa15467c17b1a94adc820913,1164.62
49482ea59e5df9ca522b982c7518dcaa,1163.25
2b732aeb1a2c70bcc9c94e24fe3713fb,1162.88
fc73438d7164cec52a643a09b10b503e,1161.18
61e6adf3c4468005ccdf21ce63f14e73,1160.77
b34584b6d24d0f58b1b4ebcfc0cbb0a6,1159.65
d48d38cf62245af9640114e393a1a50a,1158.99
f2bfa88061180ef63be4520ed4566e29,1158.54
19aea75555d5e6b749ac505a0ae784fa,1157.66
a12fc54cae982f13145a7c826cce10a1,1157.41
c8ed31310fc440a3f8031b177f9842c3,1157.28
1e10e23a3c7357443557e7f3ea7ee96e,1157.19
23eeaf77f8c29ea22ced2a3fa0bc360b,1155.56
35ee1e377c72035d0556e11e1da4cb87,1153.09
a626420a40f09529d6dc67cc76e1b213,1150.8
0228e299d1cabeaf9be64b5ccd784c97,1150.54
423c97d9d31e2a7b92a345381c672b53,1150.11
4e447212d2b42b678e2ea168210da06a,1149.83
30dfe23e1ee3c31f7af260ed5459b930,1149.83
1073528f48c54d7e185df57a6ee88448,1148.88
78ad39e87476ac52f150e22ecbd31aed,1148.75
b5435c9ba16cf0cfcb89af488906838d,1147.55
599f1549623f622cb0d46bc32b00332f,1147.5
41ef6bfcee3f50fe3d886cf23a0e2481,1146.2
544bbae01f9405564f40ae1af55cf9d1,1143.22
449f7f967e09fc1d188234eefb6cb5e9,1140.82
f9ae928da15e82a3fc6f97b3751ebea2,1140.82
d8c9bcfdb052d3431868568f91eece65,1140.58
14b24b9cfd122ce1f873c7834185b603,1140.23
2d1fbbd5413f3c6ecc454ad1754a7e42,1140.15
f4b8c62563542dad472e6868bf8267cc,1140.12
93d21068a4b6b2beb2c3cc9d44f948c0,1139.27
c283a677fa9937143f13fe6f58fd901d,1139.17
b7dfe0920bbd2c5fc78ce89e7363d48c,1138.39
8e323c75fdec6658ed2933b3f2ecc33a,1138.28
5793f9d7d53ad4c54032da6fa3069834,1137.56
e01b3c992c8dc49d8da704418d4dc548,1137.11
3fd1cd4e9f4ca2e7e81718c1642a5a6f,1137.11
2243a3db312c9b0480cdd0ce1614006a,1137.11
f085d32f56ff8cd1c24ea9eb43ec9edc,1135.89
91dd3e913cf5d632ce605a3689a5126a,1134.44
737effb3cd0439f1954ff28fa106022f,1133.96
f8f4320123760e8cd9e3c99c68f38a42,1133.62
6c2dbbeb634605dc4cf25ce12ab038c0,1132.63
2b40bf9f14aab6d327d27d8d3752f672,1131.73
8bb910cd8c3b29e4acf2e94e3aaffbbf,1131.08
98bc0c9e1294eb19f3ba7827581a7185,1130.03
e94ee7db9f05d0ddfd629d6deaa027b6,1129.91
2214477bc746c01d7e790dba816a9a2c,1129.85
903e36e2f9d5ec112ba8b374216a192a,1129.57
dcbd8e9f8083a2c1545ff6083e493d99,1129.41
e78005eaaa21fdbdd32d4c7d0c825c68,1127.5
7a4a9aa0d9218320db34205e04d29b03,1127.29
2b3db2208861fc893211c977bf3d0244,1126.64
5340f5bd348f19d58f217d76d42c5f86,1125.9
41c3c9562b8a80d747fe2bd3c749640f,1125.58
c0290b1feb7aabd93bb97cde3a0e8a58,1125.58
3577e91a3448cac21a38effb2f0bbdb7,1125.57
29bafed2dc1ef578fea615d3a3176902,1125.55
10c6d7016b3248e3d1be1aa917f8909e,1125.55
18ac369326ec0aafe3ae0e397b14102b,1125.36
c3d0ee564fc089ca29e86029511c3d62,1125.0
c0ad7fbbd3bfcfcf62a27e4d970c7f90,1124.96
7f9bfee0390154778b2d2c4f06b50c14,1124.87
879f6c483f822dc770e5ff5c7b0e532a,1124.79
63c78253a65d7ae0ade8cf3282a2b190,1123.86
4db829ea74098f66e7e312dbf32ae768,1123.13
62faa9161d76613338c9216581e7ee1e,1122.86
ca77025e7201e3b30c44b472ff346268,1122.72
45e5e1715b795757d22448692cc8dd5a,1122.45
c37b132f9c63622c1305a629a6fc1976,1121.44
561d12b11588768ed517a0357a98c42e,1121.42
68ee3f40ecd2db281f8550fad18bdc83,1121.01
98fa2abe60ee24b1207a9fa5ec0d4667,1120.84
a7f2edcd60f0eeb573b439042bcad226,1120.37
684a5af2fdb1b2f2e74df1660a897e7c,1119.9
56b8af759a9a22c74b312662e0eade73,1119.77
5a6d092525ea183026c9b405b903fe0c,1119.6
3f915483f465fd1db2736065b0295d37,1118.05
32b15895df6710a7c20f648a0a2bdd10,1118.05
0d8202144f518a0892806572cc6f3cf5,1118.05
c88c65274af4cadc8b55eedcbc9d9581,1118.05
97e42e3e7b1f76dd3c04a0aac41e3173,1117.99
f601dac3f9108158f75cb1418af5a5a9,1116.81
2d48cce6ed77d4963cbf11a7bbc979df,1116.69
663e9fc2ff0fe9e5cf1f4427f321e75a,1115.48
f4bfa7d75a394df13adaa6b672dc0407,1115.45
7b4a91076722dc7d9922d8645b65ff89,1115.37
5e8f38a9a1c023f3db718edcf926a2db,1114.18
5ab99f2f9851b35df207c38655eb25b1,1114.03
f2c91a2cf8ce8e8cd3c26cc26fa7bdf4,1111.61
753fd2847cd950be551bee66c494d8f1,1110.59
5315df33fcaf24f1ab1a6dd8a1c7b937,1109.3
7b9b082ceaa61d7bc565cdad86597669,1107.96
6aa1b0c278be1b6dfb6afa6161f26852,1104.93
7b06939062a079425ad83f54c98eec7e,1101.83
2bfb5880bfa061bee717d6c3a41c5b7e,1101.6
ae2189793d5c0004461b896e52abe4fe,1101.51
1522db025aa5d6fe7db87e3505b64023,1101.51
d854ba792104d8a708262d182058a4b3,1101.51
48670599c793cc443672fdda6de38d9f,1099.0
d50400f697ee951d603219bc33e5833a,1098.62
54982b0c374191195d5f433c7cccae90,1098.34
71a06ac25e00c414c23e1cd105a2b1b5,1097.94
eca61ae704cc5ecddd7a6e558b6f04b1,1097.7
f2acfcdc8a8c0c24db90cf7a71eb9d05,1097.17
c5dde81a4c503e4f3ad33d87bc314185,1096.98
549ba5d32f94af00287a601a42c53ff9,1096.41
98a46f046c9ffe7964933b1f80311904,1095.65
dc813062e0fc23409cd255f7f53c7074,1094.63
dbaf6869afbfccb179455cd72c936bd6,1094.37
792cd65e93c8777a8e8a871e348b3b2d,1093.93
956abc21591ba4a89d91989597554b77,1093.52
ec25f363e181051a5e191e70c534029e,1092.74
96f9779ab3aada4f274112897f433d1d,1090.68
1d42fa98222a04f976b518089b300274,1090.68
fa0dcaa81d1e6a124c022fcb0354d49d,1089.96
9433a8f8dc53df230460bbde1f7cc734,1089.96
b1972e951abdf114b6ebc0182b3b31c6,1087.44
5e9b9a8a03e7eb90d53d2ef2592b7d53,1086.08
fd7069cf6891edbf32ba84c9c3f083d4,1085.3
875494cee8ca0aea8a8de2bd84e67086,1084.71
3873d6793389adcab8208fc642d9a356,1084.71
452afebe487ec1030b322915f4daf2eb,1084.71
32afcac85e2ba27b9db02f95529a9e2e,1083.96
b4fde3f3fc1d0fefcc047c7fe0454c93,1083.78
29bbf509bf085413d69208f1547f76e0,1083.2
3961601c287bdf0fe34304b40c5692d4,1082.66
6809546a09581ad767fb395756664fc3,1082.66
1c29d6a67b493c85043b7252908b095a,1082.51
d0ff23ecd52e29e9426030163ee07a09,1080.56
4da48d50844a6b56fb74a654842d1f7b,1079.98
487e7e69517aa5d6fe673aa3d46acf06,1079.75
e39a7d7fd722668fe4c6b9873ee72638,1079.71
f0f8fdb82b298c54b772345315e19e49,1078.92
6d107617e509701446292309521f1c22,1078.43
c143eafe10719dcc7dc0a855b2e3554d,1078.16
b849bcdedd839c253865da632ecee2e7,1077.41
8eec3ba32330105307cf0eaad32f3f1b,1076.76
6b7fd1a98c714682c762c8ac19624dbf,1076.45
29765d0cf37b86c4abb8b0336b387c65,1075.83
1ff3cb11d59e1782c6fc95912849a62d,1075.74
de556953f937147c125f4b9bb95f815c,1075.23
49e30036e0a9b1d35c61e3095d05e263,1075.12
3f518f50ece5918cffdb4874032f7b34,1072.59
42e839cab098ef782fd83d6c5b391049,1072.59
3d17b748f8eed69a279e77fa3c10b20b,1072.41
02ff3aee636a9ee1c1fef271daa0bc07,1071.12
083e14981d81da62df32871d3c1eaab4,1071.1
36d8163d058b1fef06dbe40506eb8aa4,1070.74
08d2c4fec63aa9ea247577680883926e,1070.68
81865792a5df52436b4e759b4ba21412,1069.77
d38553a9c8d30efc45e02381e606740f,1069.41
e105dec92cee6465244879914c792707,1069.22
8ff6b2d323035798f793f022fd5e57ff,1069.04
605741a874b6b50b5c346846107ca075,1068.5
a0a261a0b673cc7dd5f7d34e80023ff2,1066.86
7cc7d622f03de2065576bc49db8a72d0,1066.08
a2b0bd17e5e3004764dfc68211ef94a3,1063.75
e6e1fd539bd2d78fcfb9c24ba6e1dcf5,1063.09
b7186bbdd5132b6156a956e934e3592a,1061.76
108a6b4a2280331533fa05382ad4c3de,1061.56
9544cf61893f5e6323ac99cf22ca418f,1061.52
b2aa555ce3ce0bfba30f48652b8d22e4,1059.25
b49bce5690603fca67082d3c8a27d2c8,1058.78
c230d0a507ccf302b339305e2acf3376,1058.1
9f3421bef3e901d5e45f6f1e54662442,1057.88
eb236ab2dfa54515610c137e1cf493aa,1057.4
f4c9f17baaf056a2b3b34ca484270e24,1057.29
ce69ec71365638934e125300dd5e2d50,1057.2
08e5b38d7948d37fbb2a59fc5e175ab1,1056.33
19bedfc18c92d4e7eb6ba318a6c2033c,1056.2
345759b8cb3d30586551de1ca6905df0,1056.12
ee2f423348d2b22b19bff9446cf39f2e,1055.92
57a9710140308083e02631614ea5a5b5,1055.86
799d07fb5038b68052e46cec15184806,1054.63
51b366f13a520cec29f53bdf21251ced,1054.63
31d1ec8fb80004b9a556acace88a9468,1053.84
a2d396dd46cfb15b4bac087f6a9ad555,1053.74
15ee900ec703c9a10082b12bcbdcb307,1052.49
62dfd7fb99b98c3ff0bcd6776a261549,1052.36
7b50def89c51f42400b796d7787ed658,1052.14
c9f3502cccf5585cea25aa7de58f6cb5,1050.0
6f932f011a8e866d632f58cc7580a7f5,1049.53
f34129f3c90f0243ed1e0ecdcebd532a,1048.7
94431ab24129f0060b53a89cfd62462f,1048.64
f4cd46b03c2a57ccee26a2ec82631daf,1048.57
a109f435b9d28761c7a3024094369103,1048.57
fe2b2f70f3dc31c23319ae1029eac77f,1048.31
55038a9afb7057f946c118904d4bf06a,1047.32
c318a0566b2a3b77d1f05bac5e8b4bea,1047.16
68497ce04e9b12cb402671a29acdf6a2,1047.15
06b825ab0cda1781409d7188a56adb20,1046.56
c0fbc7a49c439d1296458389efdef9e7,1046.56
94de040f16142c2f5f6e399d3a3543e0,1046.56
ae8ee2242d25aa7f3250013adc7474b1,1046.56
27f729c22e9c0292fa0f87c4c63956d0,1046.42
d97b3cfb22b0d6b25ac9ed4e9c2d481b,1044.13
824de303ad09beec4bf7531e74f3b721,1044.03
36b6bda8a3ca33a3df452dd5c13fdfcd,1043.51
ff2959dedacc441cc5ffe7d747a1a299,1043.32
2fe074ea3cc24b8fd57d29effc995f8b,1043.06
07e5fa7bd21a068b7659dc26f245babf,1042.68
16b73e9a800062b64782f4dd057bb757,1042.51
1883e6f6e7da56b180416cbe13ec15ff,1042.51
edaf4daaef4cd93ac92da6a30d7621ab,1042.1
1cf2f742188fbab50c048fda206afbdb,1041.4
bc9c66643dcc92ad53dc9805bf199c8b,1040.6399999999999
4852ba4cb09d03a665c840db8e61a749,1040.52
954b6a550ffb6576fb60493b684a65de,1040.35
db3d2c340a500126dec4308cee9135ae,1040.01
489a0be221675d041528911d170fec8c,1039.9
6e1550b8966f327f29bc06b18972dbec,1039.8799999999999
4eb57395b615d5f5b1b67d08e3e3eea0,1039.74
200b7a307b908a530a544f560384d3e4,1038.9
d4a3b115ff6ab5394c886b0edb046e3f,1038.9
5c008e6d2af075a08b11527f186b3abd,1038.56
77ac7acda3a0a190fc5b9b6f4e36eae5,1038.36
6bda5f629d7f63fbd492f48da584b8c5,1038.34
4c0e1d9b129c2f187335b0b12f52f961,1037.79
222543b13fefc85279037e682dc320ce,1037.79
e43220d43b51cf9c929f0dd1b96271e3,1036.83
2e2d56c7ec46904b382aee224a3e4bdb,1036.74
8a1e8b556fd5feb59a63729b5341e71a,1036.0700000000002
bf1dd33f93c58ea45d677d7e871e098e,1035.97
761fb886f61539123668aaa3b750033b,1035.55
f82245574a832709076d232ad99d6539,1035.03
59b822e7c7304dced326064c6971efd7,1034.72
72035503761f6d18eae77d5bd1a411bd,1034.6
54a61767646c3bd9f1923424169283f1,1034.37
4d105247e7260e45d3eab6ab9245ff03,1034.34
f2e860aa94bf83e60f7f3ae71f85b177,1033.12
14b177bc58e0058435adf083f24ad695,1032.44
e185c409705237e14313f1ea04f1699d,1032.35
2ac5e7e1668d672b41e9000fb19bee20,1031.69
0b8f908a3b8e307be5c917414bc8275d,1031.69
d4905d4ebbdae57e9c242c7ab2c57cc5,1031.15
ba7fc35b83be44e57d7e8f96bea6d80b,1030.83
b7c897200ac65c43a131e71b8ae3b8f3,1030.44
c0536ee7a009264e0f1bf1c8f4c54ad3,1029.3600000000001
2cda0e652e045b89ae13987cd09a1327,1028.62
81a79f384f8602573644b70698bab3b1,1028.3
099087fe69a7236e4e8bffac00298682,1027.51
769151568e474636f23211792b0e32c1,1026.78
2099f93ac5ea679cf2eb1de091ab87c9,1026.48
9832ae2f7d3e5fa4c7a1a06e9551bc61,1026.09
7f6fd66526ed914998d483cff9b7bdd7,1025.71
8d76b559181609308fcae630ea64cd61,1025.52
a1b01fabc8021bbbcaf914595e62cc10,1025.48
55a97ac4a03a60a3a30e1d7a9423b911,1025.24
d645d2b70af58a980678573128c9fd28,1025.05
101375bf617fd60c9eee42f98d9a73d6,1024.76
1c6c028831cfe21ab6c55c8f455ab2cd,1024.4
a0988feb55f4bf6cd3643c2a0d8d3899,1024.2
9835d36e16d2102ba67f493776a52e96,1023.95
4ef21f52dd7c061a646005b11918cbd3,1023.9
12153cd2862ee710eb30e3b9ecc279cc,1023.87
9271b12d584732342f9ab94f9f08dddb,1023.72
9a5a9f23141cee3262fae7d4215972bb,1023.44
56e81da4480d1d95cece250d5c5d7173,1023.37
c64d1b3962455c8ad443ecdeea52afeb,1022.82
2d76a299ed106e5d6c3ad726c1397376,1022.65
8e6e09a9d21276f98d691a2c181ec00d,1022.6
7274ae148f7c9ce03c8bad60e976ed24,1021.48
3b0bb03a1592b488c3a77d5f6ddc06ac,1021.24
861b52934e16f683694f6ffe540ba3d0,1021.07
367fc3b6dc2568f3a73ec808beae99a0,1020.84
14391c381a3011bdaac2c5ab5fee642d,1020.78
b6a70553f73cde17709a32cb714a40eb,1020.35
2f3f6dccce404d1c38be34db1fe4c34e,1020.19
c96e04d30d9707030553d545b2a6837e,1019.99
4ba684652def961d0506bf2409bfa1f5,1019.99
ae53a87a257f8e54795af6ff434e443b,1019.41
abd84878fc14079ab3b561fa01189254,1019.34
51c4ac3413acf4a49b78fe6be0904360,1019.11
ef3210ff1b594a76939d1b3686e7fd02,1018.11
b48c5a138371da90badcbc94338b2afa,1017.63
9a81c7dc0ab471b009bc6c0b3fd8ec1d,1017.52
27b8140e6749747db55efefa5c960433,1016.06
8d03a1ff1f1db05d26e88fde44408527,1015.92
bc7b827cb847747c63e317a73b052770,1015.8
7696e945f2e50eb6f19b248458b4852e,1015.18
5e093be86aa4039c6d9eaa146d54c64d,1014.99
94e648964abc6dad803a114aa98eb4b6,1014.99
83aa61a6db9f7c9576775165a5781f64,1014.61
b48f1f3c7b8375b6d250545025c4f7e9,1014.61
82056edeb34b1497e39bb52ae3142b26,1014.48
31e412b9fb766b6794724ed17a41dfa6,1014.02
9eaf3cad24842d2e76c376119e26bfa8,1013.85
72266f20c4be9cfe463262b3d7b1a9c5,1013.81
d676376ab8f82dbd630410cebf3165bc,1013.8
b845ca585648feec8dccd229c0ce48ee,1013.59
176d944651abc55b63903ec660b8f0e8,1013.25
e681e46aca9e7b37f67f35ace0056cae,1012.91
dfb8fac694b01a115c8fc4e969d967a1,1012.9
3256bccea9c8aa521d29257b56c54f88,1012.3
070acf4df1234a6257809e4e79644481,1011.02
5d227535a37382849a9807bfc7c31fc9,1010.8
81f5afe83c873351c6089ce0ded7dc2e,1008.95
2c90fdbc33c7a6f301f4c63f0c962b3f,1008.3
d8df92f0b9600ee7c8602495c3d54bca,1007.36
7f335cc9c2c684d92a25b1758d15bfdc,1006.87
070447b7f798d0fff61e13a5a03522d3,1006.77
bb5cb0b55123e8fc8b7994141cf4b551,1006.44
a745cd88426dd0196d729330aeca1980,1006.34
bf239907e57d7557cefdade4fe7eeff3,1006.32
5270cffd29ac266ad0acc6bf4261321c,1006.12
237d3fdf39cc51a07103e9b849d2caf4,1006.0
898c64f6f6832078c1ea7f006ad3a54f,1005.84
013a435769899074c568863694560449,1005.81
5531d719e72f20e61f0cf4a4ffdc8f00,1005.81
7119bf7ae87ab97626bb88f4752bf43a,1005.81
3bc23cc6d2f9a5dd26cf97c56eac0be2,1005.73
b0d5323be87eb6d77bae24bcb37e9ce8,1005.43
43a0029dd31be6065ac63a2bb1d0ee8c,1004.52
c9c0c82af514e815fa47534f71113ebe,1003.76
b6172f1929f3af288c2f3693f2d05dd9,1003.42
f6a518ea0bd168bc5f9a8d1a7c187314,1003.08
86f44dc0c704ff00e833ebe179b9641f,1002.79
25e66904e50c1ee0399ee12e18678945,1002.73
5953b7dae07c8ffd6f76f5a86196254d,1002.71
4bcd3e861302b9a73210348ebb7621ad,999.68
74182c655b0270d9dde23ca43bb16a2e,998.49
6183466d2bb310b5b0698d30fff75685,998.1
98758d88bf4b8eef1372ddee45d63178,997.96
fe76e0d2ff56927716b573babe7f1d98,997.37
da770e408aa9676741518c3a9bef3c6c,995.6
086d6b5b5ba195a91aa0a6ec8e75d1a4,995.1800000000001
858ec48dbaddd52e729e8acdc8d2d108,994.77
004df63539fd5e38d4b0a0506de7549c,993.55
ff8eddc3ff272a5724e2ac6635cb7df2,991.74
4c6510d1e218900ff6c53c32b9d5970c,991.55
e6d48052b4b13c4ea8b0b4ce98e49b70,991.52
16db4212d55a0459e453168a72f09b4e,991.2
666386eb0e7af19ef3df140e515d21e8,991.09
e99428cc3257cdc825c71d3e77635deb,990.54
4e6588068c000d6f539cf24c66a96816,990.5
feb2a9889d236875c3510880bf9576f3,990.45
456f6d64ecda1b968375d3a68eabfb5c,989.5899999999999
371e28475d573d69d2c02683e4132f5b,988.87
109c0f2526129329137522a791ea8170,988.48
91dd15353c07761e2ec7dd94da94c195,987.98
9e5284ac854802751a60f20a92504f7b,987.8
b7a117351f7b0f426a78d5781f2dc328,987.2
94d090a44872adced17205bd5adc2dc2,987.15
f1a02343b512e3621484af5aeee1676c,986.69
f7495a8d48d05ca657eb075b905a1b8b,985.76
7f7e4fd22c2dd6ef9fdbf6431a6878a0,984.81
b74836b64aef848ce03435c3f897bfaa,984.72
fbb92e8f9ab09c4308326e54402326ed,984.68
aaf7ed8313a90b1735dd28ab46546b30,984.26
937e3ebc5d3a3d0df0458e132dfb5359,984.2
4ad0a855f1b51a52b45d3a3150fd1ebf,983.39
9a9c85d6f6c01c229c016fed83c80bb0,982.85
d028f19f3afb163c53c0d6f3592216a4,982.63
40b41ade17bb2121b576b07e25ce622b,982.41
cfbb7c1c3d613d974eef515b180e2c9b,979.91
a2958412c124f154e9107c6a0efa13fe,979.45
6f208bc8335390df9ac13fc05dea345c,979.45
9047436c514a87a1883a323d60046913,979.42
a823bf289185646e289706549dfbb011,979.42
94bfb520c0cb6ffd9f36aa7b75f0efe1,979.26
1287206c90835504f6eda824da9be9d2,978.97
18721874fc1a8af5a28e2e8525ec39ef,978.6
4b4eb72ddddf8774c7c522b86eac0a68,977.01
f58b624587c166dc243abc92d8128b9e,975.92
052ecc20fc75531a24365017cccf4b44,975.44
c1af67e73acdb33638179ec6cb0fbd3c,975.44
2db82e4fa35953583d886035c79e9712,974.17
c7fb8ec1ea35af7e89f989b6e17e2bd8,972.97
c6b85e905cf24c14d9a115839c6f65dd,972.71
2f2b167cb3ef14988b2a1c194e11a790,972.48
0636d30c77f0f9cfad81f1c9b58c791f,971.96
51c5862005fe9f8eb9e63c1584bfc06d,971.1
a15566e9efa4b19be06852de74f31970,971.03
30fdc278a770f881ecc3ba42f6473cde,970.73
3bfe173fcbb50f640877b08ed736fd6e,969.01
51387055bdf28f0c6f9fba8b636cd436,968.93
b98eecd39d6fda501e8f169721085a26,968.88
8bf0bee0027b22b94806d1908358cbbc,968.51
999ca6c21fe8b6f8a5accfb5949ad503,968.06
5c8043e39584d290f872869ff6fdc4cf,967.7
5c7fdc5b910c753f1f86570b8b52817e,967.67
bf8061ce22b2cc847cbc83a1ebb256cf,966.58
8fe3952a1127c277dd7a83fd5fe96edb,966.48
67913e95e07035bc67dcaa79ecd70cc9,964.76
17a93030f620991ee2ea6d5359a612d2,963.69
39c92d1ce644b84c8b7236aba8a607d9,963.35
7bbcad674e8c0ed95d070049efee7646,963.34
cb4f48aa5b4657435b012a65f2a122eb,963.25
448f7657f73405728ef9975e388ed445,962.82
41517b30c9379c6bef376702f93e8de8,962.52
f8f338d24407d8c6da17ada8bf6eb613,962.41
17fdbc7bf5923361a92c5630bdd80cd6,962.31
0d27fea6fcc6a35693bbbe15b9984313,961.96
2df8d869149b311f08cde6a835ad0d18,961.49
d703e7f598bac5eb04f3ed395dba8b48,960.49
883a511956ad63fc4386fc0445b39fa0,959.96
d5f4d315a02dde7b381306b21a2bb9c2,959.77
1b6c7548a2a1f9037c1fd3ddfed95f33,959.0100000000001
6e4b915600b4667fe31106674da00166,958.84
6a1f7a25a12bb8ae6c861e9e47db9ee7,958.39
423d40b193638955a782839886648464,958.13
845e308a79e5ea49e577406abaed2844,957.8
58c59e12a9aa68ceb0a0e6ee51abd087,957.6
5c29495a80be1cb218d3428a8cd3a6d7,957.42
58f814af5001d06b0d34d8a836ab18eb,956.27
75e9b39bffe199fd0bb42a32c6e1e2b7,955.79
af0eb01dfa9e3591fd168dd649b1b58d,954.85
394b8d731f0cc4eeecb4bba83acd2498,954.85
9a27ad21d3df090fd9c8bc50f9899390,954.24
4aa0c46b5c1289bf772e2e2731cebcb4,953.8399999999999
e4854d6a0f6c3b8bbb46e4cb1a9f6eba,953.82
57f0c0beb74cbdaf5f124d98b97e8491,953.82
49223558dc36c20e8577f85e82c23a55,953.71
1dfbdc636de09adbcdbc3d34e15084f3,953.53
88227aadf23f5817850b5d6190ec5c93,951.61
06a2f322004ebb6e68107114e2020afc,950.01
583ac90d6f69ebdb989e08e5318d5389,949.97
6953415c09b04d944a7c598bfab4c236,949.62
065f84fa4c6cf58cdb7d2f1f6fc21f1e,948.98
a2913c14f49022ef2ddfd436dcd5be89,948.69
c3e2c47725e7c9a8494957c497d008f5,948.35
01e123d7c7cedf12af483fc17258b9ce,947.72
b14da98edc641a20d66551fdeaae5b92,947.35
a8d1e9936a5361e2547acf93dd4b8bc3,946.9
0c8a20624ff92116af35e9a9c7d281b2,946.84
839a04051a2c347397fd425d01fc3eb2,945.95
06c0e20a617982c7a5113459fde779a4,945.78
d27295915d486516b99c3aed8628e83b,944.57
47c1a3033b8b77b3ab6e109eb4d5fdf3,944.21
167598f3b3a218d8e76d71ee3f1fb6fd,942.78
b35dd02a8fb5287993b96bee8a8e4238,941.12
8e7c51c145cb77c82c1cc203dd683390,940.78
2a4361333837befa20e4637ba9d9ad80,940.65
ed8c8bc9940261780b4fc1fb2129e55f,939.98
5113d06fbde1e82a393b527636c90b5f,939.9
dd8c09f1b309c9ffc302c745550a9ff3,939.72
c7325ee1a92c0c0d4b95b8616f0abcae,939.72
62b8761192c86f4ead06f4a433096a2b,939.61
6faf1e57266237600d268d6131cf1e5f,939.11
c38100d7aeb315d6a0bf5a8e31520aed,938.93
486b7bac17b8680d76dfe9ce3c010c31,938.78
bc8d400be39b139e071b416e548ab75a,937.64
2ccfac3d2d47192d87f701dad23f82af,937.49
31bfa97f1ea0663a50ebc5c811ebdf4d,937.36
d85413bd3090d6a1940f4d349ddbaac7,936.99
06268d8f74c7184ef40d1a3861688cfc,936.52
547ac0393388456dd921e71da2e5ce8e,935.36
f93ea08ded32a5b926f9dd98c1dbd61d,934.6600000000001
4422586867816c6b6ca20ee11e7dc436,933.14
83713f647f81aaccd6a0826b0f8d5b93,932.54
bfae308e6d9e12d90ff670ed4aef08ef,932.47
eaa192a5c3ec1fe7b69598646621fe63,931.8
c9e88dde299927079d22c21f72ba6e3d,931.62
4ae89c16f727607c96737773c2713f67,931.57
a38b9fe75865c4716f17f8f5cb8e7a6d,931.53
387a2d05fa938050cc335eba0f308f1f,931.37
9146de9c43fa373c4ce8af26c8db8336,931.19
765737cd840f37587af53f66184d4d08,930.57
67f4a0e45fb1bbdfebc5001cd8a68208,928.96
28a4a9aa9bd3640e1f9a9cf542cb25fd,928.7
b9cc54385a16364650ea5c9d26c212d9,928.68
d51425d700bba699108c1d2e05918b4c,927.87
e9737523e569c19a06d8afe7f030ccc9,927.8199999999999
329e320a856fb68cd9d0ecdda03b3ae7,927.79
505824fb4f1d7fd780d749da901eb412,927.63
6551775fe8fc9bd339483cdcf4ae51c0,927.28
6fabaabbc69f2b77797c5f9c82a32aa6,927.22
cfee891ea509a405a65e730f2580e51d,926.3
bfe4720c90117f67140c4cda130f1022,925.69
b6b9aad8a882015273009feede9774db,925.38
0e778dbac6343a7e665c5904d1f5c915,924.48
41678bd77f241a2270d0a5d905b22020,923.97
39c3f1da75901b25ddc87e18ba12238e,923.85
37ec72cc9079a6522951b4a0dcfeb219,923.83
4f1956032b4391eb604d8272cb6cba6d,923.63
966f5f842a004b7bc13d636f1b0fdf9c,923.55
e0d253e4d5fca3b836406ddc859766e1,923.45
0895c61a77b305efdfad13596c749c60,923.4
3da044832d726bc92b3d898b249aab53,923.26
3b109d66617e062cd9759069a8bc398e,923.17
8ee2c847e37f60f23bac367ca01264de,923.17
573dbf27284994be3c41507aa9f093ab,922.84
51378a8908cdc12c6545fdf842383c97,922.19
f68b6de1360ee86aaa65043a0a5ec6c7,922.02
26cf7ebdf7d1db7f8428cb66f933e2bd,921.54
3f2f5c51b7b76041f4603a33094928fd,921.27
ef02772c6dbacb749bd154d94ac2f1c5,921.26
019ed386aec9ff0f9eab4a590231174e,921.24
ea86dd52dc334ddeb9c13130486878e4,921.05
a759a9247088f5af1a7f00ddf6d95133,921.05
3e6dec79ecbff2cecc69cb24e1741668,921.05
95df5159db6002b35b9c645006abb4a7,921.04
eb679f5c31d49d7a27b04db1e948b959,921.04
2ee975c9c2318bfa81d7c2ba24325099,920.94
b18e8e78d8bacf67b64a2fdac539eebd,920.59
96a297162b4d82e37dea33271fe02b11,920.34
52bbe472f9c44fac7a108b9b3d70faf4,920.2
14c51209471ea776cb9c1d24ff6c4d71,920.17
e00a116db9bafed27efa96cb571aa7ec,920.17
500ad632fac6a5120312e669a101d84b,920.04
c73d2b2188ef66c3afa2b60f5a4f91c9,919.46
69cbd4fd075f586e051b8130eb3592d2,919.38
a152c44fe84bce34a61421260f371192,919.38
b8b3c435a58aebd788a477bed8342910,919.3400000000001
d36c8434821644b0897073d28f6fa7c6,919.06
1b9c0988bccb820c5ae423e3205c00a2,918.31
721456720e9daf276cf059935b7ce096,918.18
dcf94500cedf7c5c153937b663a6cd4f,918.16
cf95b0b5fae3a5db750d9b28c816e818,917.8
1526fce690df9265b9e0fcd4358e8f6d,917.8
681405a99faf3ac8afc2dc018a3f67bb,917.8
7c39dd24356572bc221e519ffda3bed8,917.73
5c8c902dd4c54ac4e9cfc8dfb8ad1372,917.2
4cb2e38fa5a11430d5fcc835e83d62bd,917.2
b7ea44d55e6a749aece828fa7192e9fb,916.5
9de5797cddb92598755a0f76383ddbbb,916.02
9915eb9f74b6c11aaf04833f65b00e93,916.02
3c7e305796add66698959fc7ad176f6b,916.02
93dc2a2ebc72f2b7205be0c130cf1fa3,915.9
5336f61f924dcb211eb237913264ba03,914.68
9c159cc781864a35bd6148db6e364aab,914.27
66f4eec9da64df09009a7f397c2a32b1,914.1500000000001
7312c29b3a24b3dba1245468eb4c9cf7,914.11
0d0e54b63022739efa62611df8a184e8,914.05
dd91ca21f65ef2bdc41528faff426781,913.7
cc65d08fa1d799911f5237365ce38bcb,913.7
6ac3c7ce164d85523c71a91afac8f906,913.7
bc4c267d1fff333741dbb2f6a2643666,913.7
e0f72dd568f51e13668fcbf2aa740161,913.7
07ca2340f294d146e84ae06b1abf1c3c,913.7
6af8c264c512e6bc3762aae0accac114,913.65
d59242c4945ee516c0b2a9217c257edb,913.63
4b2d4a25c992ae27e00ad7f7048fe99c,913.45
8be05568b6b14d52fab3dd61edcf268a,913.16
bb7d7c6524f7188d3e68a33b68e758e8,913.13
f25f06e6fe07270ef5d0e88f19f178d0,912.95
e13c03e7d1790e68bd486fe323b0a0ce,912.79
791a3bdf48dd1fed7c084358b77c277c,912.69
23cd2fcf316e2f6bbebef0e2d6a43ff7,912.65
41d46af955f5d04d7b0dcd7bab7736b6,912.55
9509c1d589cc1255e4d19a1dd39d1b87,912.0
b0d4b589f3a90fd6baabf9e3837282a5,911.65
bd204d0a603fa4506291698b13d21f46,911.65
5cf84c2ebd6a4731b683fbb28c871b09,911.62
27c4ba40675cbfccb408803b6b107d58,911.45
e7b41997217f4daacb88d1bb6161615a,911.01
e291272db5bd3070bfd6497432223aed,910.98
2fb4183605995aad1ff94ef572b91a21,910.6
d148e08ff64629a0b764c3b23e896fc1,910.2
58807da08df469f349ee480a378e8421,910.2
d5b26118affdf55c9e34f22d879782b7,910.1
0b372b8a31a8de04042945af8b3e6d97,909.31
742911bd5109eccceb784f65b7175128,908.84
af4faefd3ee2a30f153bb605031e7afa,908.67
b7452bea1d7fbb7f378679ff5d892a53,908.43
54f8af8e578927c6f2f8631e28c91db1,908.31
8deaaff82a1e3dec44a5e59ed5f67574,907.99
762585138bec65479d2c00b421116744,907.86
8f3eef80fef6d26aca45231210bcfe63,907.8
3947ca729a860c522a64a49d762baada,905.93
670985cbdebdcec66895cb9945fc3de1,905.85
ffdffea8a4b04f14987bfef2a2287fa9,905.76
b66da64051c395958d49bcf6f98589b4,905.18
059d9f786496163334e5ea84c053917a,905.03
b3a1a221ad27da82c2973f1a108f939c,904.8
efce1ab3e96ccab8b1b464326bd22417,904.72
96fa3370602b1999508a71f7aa230747,904.59
79012e6f4c5ec98843e88a974f6272e4,903.81
45d4fbed807eacc8d7d5b99247a16a55,903.04
6c28e6a7642123fddaafcf789981dbb8,903.03
f54ce9a6a5c0b3a107838e67f2059261,902.72
386d487cf1530dff95c7d2201170eeca,902.38
755bd86af4572db680ae4004e152298a,902.35
f27a3cee3bcebc5b64fb804f15f4c501,902.03
375369861db1f30642981bbbed0c940e,901.16
88c56828a05311d7ac1acfb9ed53330e,901.06
70f8d7fe5f91b78ad33ca742681b7120,900.36
84b2bad57ef85eaf787c076b1e0a0bab,900.3
0561577fae5ac90dc55e6ec7755f4823,899.27
37545efd489b0b7c9aa20690f344271d,897.68
64fd3945dc867912231b45f537215126,896.37
2dc92af471496ca347e530172e0979e7,896.28
c7620313ad8f336ef1a86409c44858fb,896.24
46bb69f1b7665b472b77bdeee838fbd0,895.93
f9aca7474d36ec58fc20962c384959ce,893.62
5dd2800b9657f7ba5673bac5210fe0a7,893.52
2697ebd7aa79632e3720ac2c025c82b3,893.12
890428d68645fb2cbb42bc2e46ac2241,893.0
30a2c320781a28b4ddbb689329fbaae9,892.9
39970ad502d08af64974aa8a8379df75,892.75
66ad7ed47109246c2c8c9ea0289575d6,892.44
97b31571caebea17fc4d600e3a24cea6,892.16
7c763b449a1a50b7cae7943be3dd5a06,891.91
d3b7b3c1e6a1e88e1d8f2d0131acf460,891.86
0601c193e5eb834eb2a069b7128e20fb,891.34
a6f83c597e714375c62c75d9f6e674b0,891.14
0fd76325d0e27dc1d06b60c5c549aa04,890.82
eab15a226ae8bfc913d38b4b6a5c1d82,890.59
f15e3df8a37d94b4e9324f22b58ec5f9,889.93
9e1e5eaa4ab398409e8ff5724401c996,889.8
5bf7274f42d022ba05ae7252fc4ccbf2,889.79
22eecffbc2e4e56747eb329d96051962,889.28
0b613a282e9dfd7cc3ba1c74468053f5,889.15
1c08b06f4ab93921cad72057eb69403f,889.05
d0e64bc58be1c0f1763f60935d95766f,888.84
f11a80ef32241a111971c84a01760dac,888.74
7171534a83fcf2f96ac5690706ce58ca,888.4
17b1730e0fe9c924d078ee3d10bbc4ba,887.58
a55bb467166e95bca3fe4acd0e769d49,887.45
51bd7b10340eff7e799294cedcef8396,887.37
b4aa11a60941491ceebe01eb044615da,887.2
ac95cdab584cac0e86ce97a5399ecf79,886.1199999999999
71c34f81cc9dcf70dd74a8cd883bd8ce,885.99
6130a170393fd77f23aad7bd7c6f5a83,885.36
3b2b9a48d63a20ea0711d8cc53234307,884.98
f3b2eb3359ceec0c944d6eaaff458072,884.75
7d4237ca3e15d16434f782badc94e724,884.34
2b9eecb2934f557413764d0806a83a52,884.2
50950a1d1b1bba05dafe04579df8fe91,884.2
f0cd1ff60635329804480b6c8f71e434,883.58
a49ee8aea9e7eb9fd56cb0fb760a4624,883.29
e8efd904f5cac24b5419e787e410725e,882.92
72687c66ab307503655f6e71d8ccd1d6,882.87
9d317acb1c32146e752981044c0ea5bd,882.46
22072f2e301feb7ec9bbe5c1d16ef561,882.0
09ed9b91e77dcb56c1c1e7fdf7fc100c,881.52
c199fe993b9572597831faec50e92a0d,881.45
512dc65ea5c6b31ea4f821431df4a925,881.38
c81d2a7e6d049dd8c94912f7d0cc8e47,881.12
4754e3b66497719a91b36268ed9c5718,881.11
9784bdc3e035fe7e3e8e0b42bebe4796,880.88
c1d418c446613f769057f6291691b90d,880.8
fda4476abb6307ab3c415b7e6d026526,880.75
a5a5874771d6f2d23d5e6134e2dc8015,880.51
45ca4053806ecd0f595c633184e0ff61,879.86
a3ff74b5c88d6732e28e24e2ba7c68ec,879.66
85963fd37bfd387aa6d915d8a1065486,879.4399999999999
8d50f5eadf50201ccdcedfb9e2ac8455,879.27
2d36150566df190083b883ed2f12cc7e,878.82
62a5a02c3428d5ed0ae54bbecc2531e8,878.48
2dcdf54bbaa557b610da14e6c2bb488c,878.28
188b4725e34369a393ae43a6f7703876,878.04
c34e8c39987606d262573cdf7fd66330,876.98
cdb8c10793ea950ad2bdc1918fdcc608,876.82
e061bbbdee5b4d539d3272c718faf836,876.82
44a90aebe64383d8d551ddd72bac9274,876.5
4fdc62ec0c92703fde661756400e686d,876.24
f8ea14322aa66955d27b0d049b3dad79,875.96
608f311bd7ab7eb0ceb5a4ed6da2191d,875.9
f962acaaf9b23a9b3948e34431f842c1,875.9
1e15fe81c685c1580edae27baee70608,875.74
cbb8672239d6aa5041fec7db9be70971,874.9
3b19e6a1c2fcaa5955cfda05706faffa,874.67
0077dc76aaf02323f03bce9b00878253,874.42
99c2432f032d3025a9bce64f35cdd72c,874.33
a5bfa72dd72f6b4a64286ae84022c7e7,874.08
ed91e29ad9cf4fad5935469b0e91e792,873.91
059063072de58e5a847e76c4593d5629,873.86
7538ab19c6d24c3b66a0986332fadfe4,873.28
e1407f4d2fd92ed069307bb0b836615a,873.09
a73b094b86f5b6c1d21eabf7017b2679,872.95
9ffb4406e0df3460c78afa4080f59738,872.94
f546266e401753c3e88d310dd5843d03,872.82
28a14fa019f261a7bddfc820dae8d616,872.74
429d5f2617a825c4df3e372dc5d6667d,872.64
35d9b34d8895b5f4f7d9ad3ba5e7e8d0,872.6
54e2cf457ebccf1c8b95760afa7c44ad,872.52
f90f564603962bf9d6ebac2e616e46ed,872.52
be3eeb2557031c7485ca39f1fe57aba7,872.52
2ca190d1caefaf6a50f7af623b4dbbe2,872.43
8293bf2ecc7d86686f1be71da8274b5d,872.17
3bdefe263638b8b2a51937244f58967c,872.17
8b160faff469868625c7c82cbd310636,871.53
038a113bd44096b673f1071b5f39a587,871.38
3ed4235d521c24fec4f77d4254e070b8,871.26
0bd3d5b6cf491c4bb0712be5161ebc32,871.19
36f20d1ea93854ebc4fa1745dbdfc217,870.7
2c10614a03d9c0368d939ba56d0b54d3,870.69
5fff3ec8fc85df5fe57190fd9b6543ed,870.35
1f4579881fb0fb755d56d2f832d64aa4,870.11
2e5a6bbafe6b67eb00feca4e33001c27,870.11
204605e46ef3b06c33ec02d395cbdefd,869.33
21505f8cb73895352121dfbebdc67ae6,869.11
b507103bd81e5d0dc3e6c3d50a732f36,869.1
c18c7db1e430080eb67cece06f62177d,869.09
90cab9923812fd213cb88adfb39a3e8f,869.03
df7d44aad1186078052f3423b758bfaf,868.93
88392203b5e585059ff88086cceecc03,868.93
51e22ebbbd5311e2db1a2953891c22ec,868.59
f0022eb1b509ab1d7b15e3cbe15c515f,868.54
74ac946f1e9d688ca07e592a8dc816ef,868.24
3dd0e97ea668c962fb9a7383677bd83f,868.19
481666869b5bac1090000f8600e42b69,868.19
9b979f8980f1492f01b9a4d09f942854,868.12
302be2cdf5c3cca66741fd7da8ad5fa8,867.95
8901b2526349d372dd0bdf8d77af656d,867.9
4163b3db1318b7fd659e26595df94674,866.36
3a86e521e0c622a87ffbcba420ce8d18,866.34
4c0bac678bfb8ff0becd5b393b45a884,866.2
dd8253fe17486f2e2cbff105e36e4a55,865.97
b3a8c7acdafc51ba3cb61c2af50745a7,865.78
92a14f8723521366ecb62c659f2df588,865.55
7fd17ce864ad5c091f999f9f0efaa93c,865.38
bd2174690fcac845456f2a3e3e936565,865.33
cb03e9127f7cba4b431f006b86e4905c,864.98
5fcec12eaf737cdb2ded91e81f1dc266,864.98
53448444dde1ffd4734e3c65fc5f5374,864.84
694d80d9924784daa43b1482ccda0af6,864.72
1b8fa1f83767978408ddfdd4105d31e4,864.69
ee5ca29b04a242ed865183467ba72b24,864.6
16537a831ca74e633b94cfa47164c420,864.13
b47715fad5cbc17bfb21e9ab646fdfb2,863.84
e2e0e8c708af27b692d419af3bb3daa7,863.75
7fdebacaf46964084f11cc86e619582c,863.75
c2a88d9551b1cdb6ed5f3177e8c71523,862.39
8b6b6852ffaa3648f932d1a955a18ee4,862.1
f832788250010b941df1501e6082bc87,862.08
97c3a87ab5d63e6debeb38c8fc2aa765,862.08
9d5a965adb4373036f892cd149e37395,862.07
e05045ca32a733892ad912bd0fe64488,862.05
d97d249adb08a313a18cbde00620769a,861.86
71df425cb9aec3337bc969df451d663a,861.81
1774795bf26aa7a6d42cb26556812e6a,861.76
3e5c928acf49c4b95e57af1f350d3493,861.26
21c0f49b14ee8daa69e5bb84207b9e27,861.24
59e8e80c76fd00eea739d8150f1e93d2,860.95
8e09a391443c7fa0c2781071233894d2,860.92
cb844046ab848696a40b6f6935314030,860.66
59131d58902de964d1bb606024e7c4ff,860.4
8491be4ed053949ecbec1bc620628f1c,859.71
844a28de61d1ac7d158f276c74cd2f8d,859.02
6df2bd5869a4c38e1fc523345514427d,858.65
6105aad70631ecf571d43330bd147012,858.65
84d94df6465a4f0bfaa4e94d45f236ed,858.65
6b18bd1ac98f8f5265594f0cfcbcb30f,858.65
8fa1a3e33ff386b4b49700b8256fe4b1,858.65
a89048adcf866e02bffee7122269f5e0,858.65
f3943e27b0466ca8e247b742ff643d5d,858.65
7a78c6e53163e36c68d2f22f5909b0eb,858.31
4577881f7a6c10d8eb6bd7f7a82ffa86,858.17
08e5e7c8ad7c683e0badf6aa0566352b,857.97
12d8b5ed661190a3a08183644dfc504d,857.95
acd09dc03842cb2b363263b562bad5fb,857.79
e9cadaf50768c88af6840126cfb4dc50,857.6
e964c342451645668793df083ac4531f,857.36
e42e5cffaa896ecca5e413413783552a,856.95
3a0e96e016e4cbdc9f2f240a437a4620,856.89
2801537af8bdc2b1cd9bb14862b3f24b,856.86
5d2dfd15300a557c1ddfad56a8460226,856.77
a1d41a7e48b180342a85b93115f4263f,856.13
e8092d3af4962027cd1f45d669494cd6,854.89
42f4968985f42ab8bb656fc5d9b5967a,854.33
18694061bb05a1d8d6ea1c14a7c2f912,854.22
37b724372b14d67a4296519f579d8697,853.22
810581f011b77fb9ffb69c1c6d3c55ae,852.68
35f117d30dd8948f41e821a27e1ffefd,852.49
8cab5089cf309b5ee530574382dd195f,852.37
7cdeefc6dd2959cb9202287174ca09ad,851.82
747b1a43c13823a06550a03a89f879b4,851.73
41f6c1e8220ce517e3e6d06b8aeb2c64,851.61
56fc8317d68752ea75f6480c905f12dc,850.92
366f58e52fd16bcd985e4bbce15405bf,850.56
539c2ff1d3e3c1e4c167dfc3df332f3c,850.0
46a15f021b84cca56b04ec5175dd9124,849.45
93cc65bcb8c6e1c21d10736b25dacfef,849.03
af5db90ed4d85ebdf407c1507f5e3f3c,848.93
3467e97ab367cc77d54f3b94ce52a801,848.61
8c21dd8c37144807c601f99f2a209dfb,848.0200000000001
616dfcfd995ac141266ea0c05a2f72d1,847.82
8299b6cdc825e7185b3f96f3687bd745,847.56
db1383ec20ebcf3d89fcc23c709493eb,847.32
dfe404bc538d4172a3c0291fca2e74ee,846.72
effa3ddcc2156bd137b576c00aeab4ff,846.7
13c8cbdeb5bbee831faae66bcd11f9ae,846.52
09d7c538023c2c4fb0553c831c12f084,846.12
b3c45ba56e29a396943783b4a80785fc,845.81
f682cd12a348889bd197fa49095e1341,845.81
4e799b4767b0e414061f5d39f67ddffb,845.81
fc1a7488fffb57771bc202aad56bb74d,845.51
c6bb5c25ffd9f6d6cf906c1753179f75,845.01
e4faf432d9e4d83058eda07b9b7e0503,844.98
26508b7c8910ff77b6f8f7ba21fdda26,844.82
512088ab9401e9c88db7e133824cc835,844.64
fc5cc822d92bd904e3faa83daba6fe5b,844.51
83aca63b2193ea126b287f3ae61528d9,843.66
44859cf48c8a8c5de12460df1a984dab,843.62
45be341279815c9a69647daf575d369a,842.96
f0cd91b4062c68c65d115f48f368718f,842.8
62810330c82337428e0db8720016dcb6,842.43
20917cee243e32974933fca49feb2829,842.31
2938f83ab0df568b408eeed27fa98656,842.14
28e8e8fba004a0704128902df914271e,842.06
773a26ce6d1852777caa605d17f46f82,841.99
6419a1be8feac26ec793667b71cbaeb4,841.98
dd3c1473dd2061e08c79e5b469454b05,841.4
181d08e7dcfdac616bf321a7ca3ad0ca,841.28
9811f75e58306711797259182809ba81,841.23
e30b83af13d6ff0b0f427b2a67c43b39,841.15
5b33d88972c6ea3d698ee5a0b2a12647,840.82
48ce3450c17d577bbe48dd240380f088,840.63
9b67500d042a3267a5e9a9371458ad78,840.48
5ad9aa3b3a3f21a4c5ab9e3a8b09642f,840.26
a8be3db3424cd4ae937c239b3ad513e7,839.88
0cc2ee1112a11a1094eff52fa2e87150,839.62
30b6d255385abae403f9df02c1948d74,839.61
a7f1e3cc0162cac021c078b47c6750fd,839.58
a004a1f8fe9553aaf6e36fe06b52a9d7,839.49
77e2417ab5380ffb014649fdda99f318,839.4
1b01cbe7a016e4525d2fd5cb78a9e43c,839.4
b31f5bf78807b72b42cfae6237d731ab,839.39
f1485c238a50f4d2a48be2fcd6c22a61,839.28
a10d0833b21b909913140de0a5575f95,839.04
78b23d5ff07ebe2f082472ca242b9238,838.97
a9b026c8fe47c00c02d1eac79fb78cec,838.83
4dd678b3eb5be4a5589f5566ec386e09,838.45
23a92795bca68209a5d5680fc17fb221,838.38
ba179ad4ba8c3916137aaad465eaa079,838.32
c2bffaf8747e77b4c0b4e38421e3bf29,837.42
b3eb76b315600c9f8c3a711b6a3d1668,837.39
68f6fa1cdecb28edb06c16c1d1444194,837.31
1016f617c9252331c7de150155a790d9,836.7
f839ee8aed3f82f5637a19f58a89dc92,836.67
34b6da1369177d2df961695e0116c6a3,836.59
509543379a73a28f32b42c4a125aa048,836.37
e423384cbe26938695befbaaaf242864,836.34
edb2ea73fbcf58362cc76941af7f3dc7,836.16
14b752df6dd62c4afcafedeee4b8cffb,836.02
6c69905245a109e523848de29386e0ff,835.55
01726e5d6a88d1a8dffd9578872ce54e,834.94
8c4f1ee04e97bc9c43c73916cbb78479,833.1
89f999ca4a3527965db76038ffd4bcdd,832.99
8296d8ac4af838c59636635e23f3411e,832.89
5bf5cb76ead623eecfbb615527fc0c68,832.76
0e1e99d27fe5ed6a7feaa7072343506c,832.0
fc9efd0b9da6851171670415bc0f27b3,831.89
2d1cbd0bb1601913f4744d84c932c64b,831.72
edc77ecde4f20cfbdb248a29ccf0bd38,831.37
88f06b37171a945267abeaacf9c4b77c,829.74
0a0fa442c401952fe854264257c18775,829.56
43021aab9a83c6dbbb1fe59ea3bd690d,829.17
6928d347dd148caf86b90a3a98f9c324,829.08
a14cb3472bf2cfb01f84874affb504c2,828.74
7f76b3a2c201b6a4ac7db2639e278d7e,828.65
fa20a344d2bf1c88c1c84d1f8c91f5b2,828.32
06e7c0ffe7f197e5ee11cd888ea71c95,828.22
5e8a37a9db66531212450e6bd9a3c9ad,828.08
44e672b6b024306dcda61f892b3236d3,828.08
d6a9038cdf4315dd3d12c01ff8ce32b4,828.08
91290d75cda8ff031ec6a97c5e5f83a1,828.08
1242e85545a001f6224e2263d7791704,828.04
512dc576950aaf62b6c0ed031bd6b0be,827.91
7c08375cd96553acf4ed275609fd22e7,827.32
d524e6d0027c6e4f03e9969e2613f1dd,827.3
401a006331c06b4b0c8830f87c13eb6a,827.16
87a749c982f2640d72b0633e55ac3019,827.1
f85e0629ac347fb05bf71cc997ddccd5,827.0
63db1f821ec063ba87e31ed9a143917e,826.9100000000001
37d7f68849e1f7a6bcc58225180fc4f3,826.8
472a03ae2a6048de27c71f5e4a1d974b,826.79
cefd8bbd4b3c39bdb256fdb865b7b8f4,826.42
71f88e06eb78302859a034cd7d1877a1,826.38
63cfc61cee11cbe306bff5857d00bfe4,826.3199999999999
6ee4074b0724daf14e0139782d157a27,826.29
214bd392f589811498bff8472e913822,826.16
6a0e43f0d7e1b5539e4c58a26ebe35da,824.76
23622d8528b2fcc0b4a2b03df2cdfbd8,824.17
99749d7ee01657cc0faeee7de4fea874,824.08
ec818580e00a22524f0661e18eb402dd,823.83
1ff0504d2e5524b97f481f478f6ae770,823.16
2d94b4d76656b186b0b717c23ed66273,823.07
6abd878bb355f29f91678a8c7512da0d,822.9
271c480fdbc84c7775bfeb2787ec8a31,822.88
ff2bb81a3a9531c436759613020fea08,822.16
0479ada60af68ccf63ea10d284769788,822.16
3857428967edc9647b8af374c0d78dfb,822.07
60c44aca5287b6fd576f694df03370b9,822.06
eddc2346415a981ae382c62f08cb48a8,822.04
fe947af6540d580b9703d0332d04f0e3,821.98
0dca919196146f24b8e265b534ff6706,821.93
01b466cc9a9e663eb04f4b8890dbc5f1,821.35
787e5ef7a144916be9ac6385be992648,821.26
e9cb6a28ec0cf5b2a69786be51f3e872,821.03
de7aaf28dc616344f3b9549f1716d70c,820.75
abc481fdeb66223f47a7d59b78e065fa,820.68
71bbde2fcfc0f20f7111714a0c43bdff,820.62
d6a4a2054c2afbf6ccd3e80f960b2dba,820.46
16af33547f0bdd828eeff2bb6c38b481,820.35
fd92f269caf698d36cdf0f6d5ed4685d,820.35
5beb14f603ed51da383102bce45011a5,820.24
9bc3b3b03ac9c6c132aab1353e0d0dd9,819.78
b74d0257dde8889acc280c1805bc2899,819.69
cecc19ff12c206e6368dd1e9c22a848d,819.5200000000001
eb9829b9e4003dcb7ffe5a6fb98682a1,819.47
f12659cf094e33deca32845c21b114a7,819.4
876a262de02307eaa2e7c5c07627d850,819.35
dbbb77929f0b3b93e19f5493b5934d0e,819.35
1ae1a1d8cf3036555b2cb2a97fa1ff07,819.35
f2deea219b1ef608f90a6fd89f6fe89d,819.34
5ed887c49c901c6a4d8a873557cdea4c,819.34
13fe2bd5cd6f09642f395ae04faa6b66,819.32
02e8d64ed3a2d66ec146674efbfe3dd3,819.32
61435d982420fb720f85d1bb6047fc6f,819.31
02d2056f0b969ca57a94ae2c1793e3cd,819.09
318a99e46c2b01163c597b8c142bbbf0,819.05
202e8fc4a2cc9aed9c91d83d04a5b88e,818.89
cfb9250ad7da3bac88843a57f83e93bc,818.69
79886922ec220bc38ed9d2bfdf9983f7,818.4
9fd78a86bd195a1e4b70e33c25d755e9,818.4
6c71622e059a789d6a490d79ae1316d9,818.4
39b94c1896243f056c3c93c80e88bfbc,818.33
cffd0d926993c9d808811cbbd8b6b72a,818.32
da4cc4e2ac4d719b70b3d98f1733dcce,818.12
2760aef7bd977a44aabf53f656e92722,818.12
ad0adff48be9c5f67cb35fd0895b42e7,818.01
c3cfaba1449b1a6759e7e02413c24bea,817.61
c33e87f964dd578b02f7208c4bbf9260,817.15
aa0fd3e1854cda4e5b0911a24492ba14,817.08
b494e0eadea2128f530bbf6e07c59e32,817.03
1e1ea717e5582112be81201874040e82,816.93
4cb9a0c69594489bc5bf3ab2befa899d,816.89
e3f3bd612fca9ab1029f6e91d7028d9e,816.84
a8e6d4ba769ab68e10b78899cd62777c,816.36
6022be01d480dbd8683c80f9b0514f29,816.33
dde181b2643870a2c667c9c9bcd99aa6,816.17
fbc6c89a052e6169d0a05874de95044a,816.16
5701e00b13eeb0e725db2e2c1eec239b,816.01
425ae15f1593918f06d9a2ce9222e614,815.95
707e3ae26b58fcee0b10ef1185c1ec39,815.65
2516f43838c4892e066fec28143efa64,815.4300000000001
99ea1f50c4f28be31b198c3173d21051,815.43
bb936db39a692500aaff421305d41593,815.2
93b8a802bf6ff92bdc48e8f9d4dbc293,814.96
66ffab11964dda54f46a826323635120,814.85
5a70ab969f59cf7a18480854c5aa68a8,814.42
f7798970018758d36b9bbf007a053e23,814.4
05cb25c0b98e8d6f839049d97adfecab,814.37
e515dfc7b46b0281f0462ef9be3823f8,814.3
d385d86ff15a721b213924f5f6b8316f,813.62
cc01683ca3f5fadd819ec762f7f1252c,813.44
e63d5df8a0afa912236598e1d605eede,813.41
532df8105fc2a107ac0ee65bfc98d2c5,813.41
700e582d48cef1d46dfca9f208dd765e,813.33
9f3bfb29bb8a27f598b15bbc29375669,813.33
194ec39b076fb2178ae682457b073c36,812.85
020ae51ab502504a00ab6ccbac53bfa6,812.76
0f0b49d45120fcb28bda56e94bc85673,812.72
a46f69888dc50e40895d89767c270eeb,811.94
650606c8d2e45478f993ea474fc8f91b,811.77
394126d51adc8f16458ead97ff594058,811.77
ee7317923fd7e1a982b66d38556431ce,811.7
8a97f8a0e89a0ede6a81e08a8289d809,811.51
50ab585b05268c9b7aacc57681d18ff1,811.51
2141ed29dd6eed2cef74cb781ac9e476,811.51
89d40b7d698af69add2d8f7248936740,811.46
219291a07997c4fc9a962719151bfa38,811.32
a824f1926ada8e0765adea9b4f1babfd,811.29
726dd67429ecc11aa6256a9d8d41ae97,811.29
b13e0007c284a77da34b45652f2c8d16,811.28
d64283953b232234dc6a8f6ce12afe6a,810.63
324ce23e08a1768007118a11836ea7d3,810.52
d37cd15325d94891703715923639ce9d,810.29
dc05f2bf6fbe4f7afbf7a197a434ed40,810.13
14b2d7596cff635e839b14b4bdea1a16,810.13
d85547cd859833520b311b4458a14c1c,809.7
d4930873c7f53172c1af8ebfcd9aca8d,809.58
d451891847b64bb4cf9a40e9cfe1c7a2,809.5699999999999
32d2549cbf29b9b7d5f8d7d293d121a3,808.91
026cc430843b605b4b5515751f4fe5d3,808.88
fb4a4bda0d99a11f1f638aa36160d07f,808.87
e9157eb28b76aa9231f1097a4b3d2161,807.54
d0b7a41ff188f16fce4f7ffb2c67a5a3,807.47
a7d0558cdae7a2b18b1ca18680928a44,807.2
6af6fb422d6fbf0b4686d35157cb0be4,806.69
3ea4185126195c34ed9949d8e406d570,806.63
56c8638e7c058b98aae6d74d2dd6ea23,806.4699999999999
fd1159c8475b7f543ab1be4ed6207869,806.46
e1e9a1bcdba4b679475592e4418f1347,806.38
031167ec9bd578be0d73db1886891745,805.95
368a52f8325900082c2cba4895ef2984,805.75
22f6af8201369f9eb96592db3142b9c2,805.12
f1fe2c49ea8099e0e531fd905a09c6bb,805.06
78275e95a4296105923051e0ad4577b3,804.96
4d769103760f32a58c919aa3c3f9d5b1,804.72
9f2dbd2760e261a9735db254ddb9468d,804.52
a81cf979d70adcc990d2f87503b8c19d,804.34
04f1fd1b75385fd1c7b6de018e0c4ab3,804.33
633aa358e90a435dc47a30af5a0a832d,804.12
2ee479e29ac6b1736028a090f8ef923c,803.92
7be702cf7a78cdfb7f8e06c7b630ef2c,803.68
326f90932ac2757f3bd15ab01a1af8b0,803.24
abf410b2ca80a64cc2836e9f2d5d2ee5,803.04
c23625b050d7d34272be416aa7b89aea,802.68
f9acaaf53948041869bb52c7eb1e116c,802.65
0f4800f4a01c54821e6ecc08a7e19433,802.48
1e39560f1a511acdb6b7784f3985c374,801.84
0f7b92811571afb33b40495374b4dc78,801.49
0d153268371aa25450d4117ff070277e,801.25
7295713e93df7db1a459e49cc02013ab,801.11
33030ea3391006100c10dbd8294c3e6f,800.11
4771566fc89f5d397e662758483df828,799.94
4d4d00884f3401e960f4650cc74bbf0e,799.87
ea990a6d66d233e174ce328f27e592d4,798.68
94819dfaf894533d1106264e5b378a00,798.53
4ecf25c37c4543d4f54524b0e0c8dd04,798.27
8a2507b280078064818431d59fe2031b,798.19
038ef20f6de6a3294fb0e4e380f2b2a2,798.02
efd877ae53d38706d4019f46bd72579a,797.66
2f3ecbc62c802caa1d2796ff511703fb,797.62
842909a01087405cc84f9c41d519b3f4,797.38
d57588ebc4ba515d988842c032981845,796.02
9764c899917199574678b4d3f1aacfa3,795.95
f33407700cab2fab56dbf90a859ca270,795.61
d544e1852841756a816e484ab10218ef,795.47
cc5274ab82a2fc25b7a1542f6ebb1ebc,795.35
17e873c00e3fef97c9f1347c6681bd1a,794.6
7247db1739364b45ac4fcd830ffeabab,794.34
031b6bf06cc2c9391a8a403cef221a1a,794.18
dcee1e44ded6f1bfc5b4988d771243da,793.5699999999999
bd9e235e9996a20d1153c238c2706b92,793.27
89c30ea5b944b5c2fcd5847c806108c1,793.09
5dc7d2b0ca8e2ac6a47295fa4d19528c,793.09
b033be1d214084c1b30485ad3d8871a5,793.09
d8498f6b01c50238faa7fbc56682c34f,792.54
169a96b0cee3f0ff7d95d697f10d5414,792.17
9d52717b5fe37e465b6ed8b12795e903,792.06
974fcb536095266b0620344239af2d66,792.06
dbcaa85549e75eb5041ea943df551745,791.76
a1874c5550d2f0bc14cc122164603713,790.6700000000001
928f44bc4170b7198115f0bf072645a8,790.65
116fb705cbffd7a2a2f581c3c9b2e6e0,790.5
014410afdd8e0393ec17e9d8488449e0,790.32
7063b55fee699193fd5e44253a7e4a98,789.24
c42bcc96458e658b55b24e3a705772f6,789.04
ab243cd9e788d689cc822380f59616e1,788.8100000000001
4018dfd7ddd89df122db84f6279a4864,788.71
98dbf8eb4655115b637a4932f71b0b72,788.6
8e6c00f85f4114571cb7f9387a46c392,788.53
0366651462307b0703818560d1472f9d,788.53
95525127999a756443df590cc5aabe88,788.4
46fdd6df708c7bd3414d35806230d8e3,788.23
0318f66ddf6aa615fdb10d6d7b596194,788.23
c40d109a4036dc0bb01b522339af2220,788.23
a5866077f364490c60818c5efbb47065,788.23
c968cdb924339d7a42e0c448153b72cc,788.16
e798ffad3045d571e170739f0384cbf3,788.12
0a252059d4e14a1a165526d50bae6397,787.6
a37e505cafd500bc50d4309bd44b3fdb,787.53
d870a06834e68bdc8864f3a9a97e73ec,786.82
dc1ffd302d6ad854b190c4b9309c1283,786.5
86b0aa3acd7e8f7427c8915780f5cd27,785.88
d986e49adb130cd15e3a6cf7505439d6,785.72
cb2d9f848a8c8e58dc791b3290253275,785.57
e9fc372958d33e7d1fa92104c8dda33f,785.21
08f334e84bc7ab7b588cb7fc77dd7f4a,785.2
f27c05c74dfcba909a9b8c31e0fe4eb9,785.18
85c51295439e499152d9d3a42f8ecf2b,785.18
df4cf8bccad968debed18cfb0fd63b76,784.9
01f156677184504063bd19739f924af1,784.8
d5ac10e3a885ac4d3fd275a2c6c0891f,784.07
3835ffb159db5caefaee811db9477b6c,783.48
91ed74cc8fc470081c5b71fe5016c89f,783.28
48eb05fb37e33f3079495d0145ef2711,783.22
33d5f77e44abcb42cdfc86854e5fce8c,783.12
11f97da02237a49c8e783dfda6f50e8e,783.0
ec2ddda7d56bc6dcf0e5e5f4b9f67fef,782.99
bc3a1632864ef4e9a2b23ee33eceaf87,782.97
b2e9a05d23ea17713b5d7799f2004f8e,782.64
133e20311ec257bda38f1798250d38c5,782.4300000000001
b412d9b6c1eb770f60485429dcc18059,782.26
8239011630c4a5ab0b13d19d0d39fc7d,782.19
c93c7d2dcdccb1c0bed454d8eb247d68,781.79
d52934cdee614fabd81523e947cbd409,781.74
d96c67b47665bbe95e151eeed717b6e5,781.51
459759c02362af7a218dd2fe035b3c07,781.19
cefd6be81dff1a0730ca138fdf714f69,781.07
0af52849be97b0c8316e1d6f342dc7d5,780.98
f2d77fa00da22a20f92ac5fd35538c72,780.68
4f5a469269f056e90e63ca3876725dbd,780.68
8f552e7eadcf54aff83af9009e3dd204,780.59
8961b4ca2c5aceb7a78ea72c6e0c840a,780.4000000000001
f62f269f9ce7c41d20a90f70df873f42,780.16
5b0b6dbdc41527329d49519d7bf30866,780.05
d02f32aa14aeaf9d657d1bf18702d572,779.98
e663700152b55c65c7b44d312bac6da1,779.9
a78a4ad13c69eed63a40707caaf80337,779.77
3db6e5afa8e8178a29afc729855315e2,779.34
738ffcf1017b584e9d2684b36e07469c,779.1800000000001
a03bed47efff02de7b59d0da789f0dcf,779.06
c29cf2e62be3359b74f7990382a24777,778.47
2a32808072365c90275fccd0fff8b051,778.46
47f9bd96358d16da13b186867574642a,778.44
c5d50ca6add3a55d9db4261a1dd074d5,778.27
cfebf9a47331c80628dc9b07226646c0,778.25
1fc2614b774274217185bb8e20f3f748,778.05
52f4ebc12e417cd48ca91c97050d47a3,777.87
7721bc1f0b8910122bf9b46c59922fbe,777.73
005f060d4223956c62b64e9567a36f0f,777.68
18da3b088c711ee5061a1d43f48c9bea,777.48
c26193152447646760844936b39e08f7,777.37
4e30efee78a5719e98c2499691d08413,777.24
804e3d3aa98f1bdf7cc2ae47b23f4d5f,777.24
a62f8fe9d5dca0dfb914de5fe07762e2,777.0
accbd99783ae97d43479a3f60da26787,776.84
e1c0467a9cb9d19bb9f716249f79bb2e,776.83
f3081469e7bac3750ac520b82290b7af,776.5
368086940adc762c76724731f1b3adb5,776.39
12c380ee1d82a3c375a07a8cd7df1241,774.03
73768eba15a0744371ca5521eb2e51f5,773.9000000000001
e1f77148f586526a257a2c486f5d5124,773.57
1e741211c960f8d4880e21cf39118cc9,773.48
7f75f185743196f97139443349a006f3,773.25
19f190b5d6d5121c8c6d2aecf2c7d98c,773.03
c6b99a3f607831e0efa54fd18a05c7c9,772.51
c28b63b59fabe61e0407ad0ec0336e2a,772.51
70457f5d80967f5f4083e0cde7e89ab6,772.5
292f894d036eb8f6a61fcaf316808e02,772.4
4a8c8f751984985cd49f74249da95aae,772.08
dd3718773d0c3e14bbe8b2b5405113ab,771.88
e3686e6ff8f5bc9b36e3725342683b13,771.78
3fb3392ad1e29e9f1b7a9d0a4db7040b,771.69
4745885d46b5d9a59e0f403e0d2438c6,771.17
d0f6a442ee95ea8674c2d8ba325f41c0,770.73
ee3adea169ca02ca9bd1e80bc620856e,770.62
cd0a79bcc77a638e1d49713d213843cf,770.46
0096c18412349537abc45e350581cbbc,770.24
4be79b1ff8bd2255021c80c3bf64af62,769.99
b39dde6dd619943190a8cc9aa6db38a4,769.81
6b7fff4bc92df4932c55a519702b0d9e,769.59
3d5fe73f9b69a86cd2a719a049e42da2,769.34
51dc56123336c573f2977f5da81b17b9,769.24
89e570dfc41cf1131fa292bae78f727b,769.08
2972286f33b3b191ff705035a1951441,768.99
a1f0bd0037d5074538e8f4ab3b55ed5d,768.62
095750ddb298ee4c2eb21ef1311b418a,768.59
41b7f55c5d00ab0792ddd44cda1030a7,768.41
47e73a2fd380ec487a3b25fa01104859,768.11
086ababf10b0da6e13275efcb692b3c5,767.69
1a13743254d9c8e6360106295947932f,767.62
1db803b751b472b524ed047aeec4fabd,767.33
966f8a8d003e2fec8c00e7bfc1e117ac,767.29
dc80a79483121fee90b0d2f53d1054f5,767.21
551cb9a6b9db0bd6a96672e542ec83d3,767.1
cc689fe4f1b3a4941f6a5b66e018b1e3,766.89
557b158701bedbb76b856eb5f3af51b1,766.53
3a3ab7d805010ef6a94e89de7adbfe1a,766.32
3dc92984d1948a75b084d620600a50e4,765.87
13071413b2d7b730db1cd98a4611f2b2,765.84
896283d8bc7fdff277edf09e539df880,765.84
cb169db485f0cbfc75587a54b5b5676d,765.8
c490fbdee711156dcb40d434330896cb,765.78
fce2525784cfc5e9bf69837bc1b9b474,765.76
7510ded3db0e669cdaa878e478f1bdb6,764.92
3c5cc98c5d66e9df468a1149cea5db2f,764.52
fd9d39fa11a8725fabb15d0ff706251c,764.52
beac2ee5c2c9cc2f3a1c16c50ab73fda,764.12
6cad2595071b142d5f90563f43558cc9,764.07
862bcdd9344546914b93a16397a78791,763.5999999999999
7d0983269f825d3112e5a64364b1258a,763.25
d8e902319a9ed628de1ed00785b9e09f,763.23
eb1164a87a6bbebf4d927bfd01a78a6b,762.61
8ab4df7b84aae318d55e776501cce37c,762.4
a84c3a73077cee66f6b30437cf6c921c,762.33
2174119e9583d406cfc2757aeafbd141,762.23
3daa1c97a3155484f70c88b19c90dfb5,762.05
2dd9c12a9c2c9479c7f263902a541ef4,761.95
bf8752e9a70c5a1de4c8972dabf15f9d,761.95
b9d90399fae52218195b4b23536f6fa2,761.82
9e3300dceea09679f1a85d33a5631824,761.82
b4891a8e1c6726d478568eb2422dcce9,761.82
a0aca7b3db05546e683192165316eff7,761.82
a99c6337b519f25161bca8f0d397250e,761.82
a59169a3afbcf3dd2c01d3edcdd7d024,760.91
73daee815cdbdeacecd0f29b04436cab,760.78
406bf961029dda3572bfe1846b3baa56,760.32
f7a06579f9f36b29b273a9193d18d041,760.09
e4b98eebb8983cade8610c0def59f705,760.01
f1dd3da0ed3a1ba8643a2e032a051568,759.85
773ee7ce02151eee86443dbdb515e271,759.75
220e9027e82d084db3fad8882094abf2,759.49
89221bc2da10ae4adf10dfb2ad5d500c,759.25
7a4c9f57e55ea064c1b84e20a6406be6,759.25
fb35ceaf4fc926eb1060690896bcd582,759.2
0199360d5869b53eece5870f3bd1ef0e,758.93
3d8a6458539e83a8f9decef0d592098e,758.93
6469f99c1f9dfae7733b25662e7f1782,758.83
d16f2966cda34d01f661bfc50635edb2,758.59
e2feed3c94648835d593c14acb8e3808,758.32
03f3956529aac8ab54669986dbccdea5,758.29
60ca7b9a3d66cbc1568e81f3f8332c11,758.26
4ab7336e14cab436f80b7acc41565f4e,758.24
e717433e36ea16c1d6538271333df060,758.24
c4063084f01f085897c04bcbd81fcb69,758.18
2e0d4931217e13e3044c55b8ba40bce5,757.97
a653a5d5213316bdf59e94dad3485582,757.95
b80e73bfec2ccebcb2482a2dc89d4a0a,757.9
cc6197eed38f9568999014e872eb432e,757.42
8c823167e62665a6d863cde31130b3a5,757.03
c86ab5ff2bac777c4e770a383feca4eb,756.91
ebdd8677b3e26c7a03f8430e50ab4dfa,756.83
b3c889172aad7d04f662e9d837340a28,756.63
ccd33372e4b64689c64e1b37550f6666,756.49
dba6bc21c57ea947f85b3c17b6b409a9,756.49
466c3a741a952640c1984a48ebbffbf9,756.49
d065a4dc833c057488f8c8831927c496,756.01
b8626f76c6ff152c0bc519f0aae9ff13,755.92
64eb50e030a9cfc25970028888990054,755.9
27cef5fd4f3ae7f1ff78696bf8036ede,755.57
ea090d86f17ad29e99d52f69a92a95f4,755.57
07c22a44928ca8ae6bc30e698c41d053,755.54
923ad45645d9f88cfe41814d2a60ca21,754.81
bf429f20c75a39eab83442cda8e59832,754.62
44439b089d03b50e682dd34e2187bddf,754.59
d4ad0b3496fe86b84cc9f089df25cdc3,754.59
fec0dcbfd223398c1e3fbbcdc38a1a68,754.56
47edf8b777008e963fe2b02194214abe,754.46
c4e4bff108c286f1eb87c6e2457b86f6,754.27
24d27f115e367d9129a0e7a7a5d36866,754.23
e9feb443162e083e5affc833800cb8c1,754.16
44733fe173f346686092191f6ab4feed,754.15
b6ebed144895adea96b6193124ea3db4,753.94
c36acb527b8f2c464abd036b879f4ec8,753.74
e2e8726aa21861f8f4e5bbbfa72ff914,753.54
17b0188c89ac68aa7fcc43c9d48fd3ff,752.21
cb97135458c20106bf438738fcc09f08,752.04
34d2df64e1dfc6e8922a50939467f2af,751.28
f35e7babf3a5077c2c95b2f837d5498e,751.17
69afe7c27aadfa869ed76ef5342a4b76,751.08
47819e2fe2feece1eaa798f2c2398221,751.05
6ca6ba9784c299b15a7ffdda7bae2927,750.49
d1a6ef12ed64f1f92b32347978f02b36,750.21
4a8aec5fe43589b55c4e7f5f1550119a,749.99
15e9277977ef00be29a22f59bc05cd6a,749.64
f737ed61293c7cb75adf4b85a7df6bcd,749.44
5c4f76d4e8b8ca0dc5119acbf1052223,748.89
7db92cbb797de39eebe3bc986be820f8,748.78
57cf0cbb103c2cc76b54b0ddb00b293b,748.34
895877abedba5adc57b17ef4a894ba58,748.27
2cad5286a182e606250cabecbd864674,748.27
fb9310710003399b031add3e55f34719,748.24
490752d6d25e7b5207da24cb2a870c27,747.25
97d37af022c29cbfcc58d6b7d477e794,747.12
0a843a6dd55792323714128564c1541e,746.96
35faaf436abbafa5452ad20dcd70d692,746.83
91125e290ea5ac87ac36b8a382d4c8ee,746.65
3bab949ef05da8e9b3cfd541b6af0ffd,746.28
ec4eae53da65a677322d51eee281661c,745.69
c384543308c9d1e2f67117fc5b483573,745.51
394ac4de8f3acb14253c177f0e15bc58,745.4100000000001
8def7fc122b6f459237b0766b3440909,745.3
be2f9e6ba2ea6b4cf1ffe993ba2e6078,745.29
2f20ea16649c9d29e8bd86a7d59e8c11,744.66
1444272aede9ae28cdb859d2d3941fb9,743.82
6cc4314c23dcda2c625df58516cdd853,743.8199999999999
caca6ca8dee328055690501312b1a77c,743.57
caf47ea65b43ffba9c588e109cc00016,743.56
d1744e4b88a060e0c2f919c5eccc33ff,743.27
7148ddba42a13e4286fbf06a8d66c2b6,742.93
a06f282cff6736dc56e658231c1262a8,742.88
4681829483318507ed55682649de6571,742.78
f7530477517d7fe88e4840b95faa5264,742.57
e78981f99d04de4f43f46d261671bf72,742.47
227470d09f55bb503c07f9450457ff2d,741.75
8b41eed2e22e54cb762287029ced230b,741.75
356698bfff8588efe6ce0ab749e4eff8,741.73
021ac5734c4f62601583998bf0de4e03,741.45
0d7853565f37a58610befb96845b69d3,741.44
3fc2292112ca0cfe78318b9ce6593e30,741.44
e520d01b14c310b4469ce675cef5c6d2,741.33
c646c8995fb6110b5af90f3452c8ae66,741.3
e0f902e5e7b9818dc9b7f34eaffb6932,741.1
c4b224d2c784bae11ae98b6ae9f2454c,740.76
8e878ce52b0b25a1dc5da5308225b910,740.55
ce2edf6f5fc654e01e3d1a72ef1614d8,740.4
9ac2c22b502f80d13ca11b680111df90,740.03
11f5fb5c11d7751687290dacf629aa29,739.79
57ddc72667e9d965552dcee37e765a09,739.79
c0c30222d6b8c54d038e444aec6a0fbe,739.49
359c46ba516e74cb07fef0e173ec730d,739.34
da64a1589bf4b438595ffa931bee5388,738.91
a31bb581ee0192bd2e1976819384d4a5,738.67
537568b43e7ec5203b504b97808593b4,738.65
b8072b42fb921e62f3f9a791db68b2ba,738.62
c4cda5538e1bc0a930d0153815c11c77,738.57
0804b7c052be7ad1e35eb32f8b92c5cf,738.57
93d8bc9752627f488ffc7b5723527bff,738.57
69adede4ae3342d2f37dce509635c95c,738.57
55358388564c39b1d171621395ea2544,738.57
2ed0e4f6c18fdb9edb131c62afef644f,738.53
8400f003706b8a106fd7e2b1a7b8d77e,738.19
82e8a807d0dbd790eb24dd815a2c0998,738.16
157c95d6d16d5c99d6c0355f3f8fb220,737.85
f5e57d38033f0d2bad0f32102f51b179,737.62
2dc1f0328505e1db9aa4878e443692e9,737.44
c373ff22a7aa4f91a4cf85688e7b3f75,737.36
90d0fa4eb67598633d167ebbdecae37d,737.04
a6851c3bb0ecbf1b0f2b03e9416ccb1f,735.96
d4af642bd51aaa394aeced7723143daf,735.88
f979c9d4e25cb1df2e513a3e498b9505,735.85
51d91326ffc0688da14a001de38c264b,735.72
1998449253c1f197265245e933ea21a7,735.47
6f302f15a62c56b3100b67a81bfef328,735.39
b26a86a8042d8ee23390c8887d24c458,735.24
d0fa8c629348c626eb103877ba5e9a40,735.0
0c1cc81b5b8da875cfdefd97955dde75,734.14
e3e230139a65ce31760fb45fa38b874c,734.09
3129ff2f82dff6e27510f8169e40ea2d,733.53
5598995788d932aa2a2db20d45187139,733.5
75c7cb4037146f5c8e95ade4214396c5,733.31
ed1cf279de5fe5f5c1aaf703cfdf3ce0,732.68
59e13abedcf24076cb1ea9ceffc0235d,732.68
91bf75e59fcf67ee0dcf6c76f80948fa,732.68
5a8e6eb55797c7b5e267339218b77883,732.68
c9f52d499ff007c22b169c6fa9b0490a,732.68
05779697464f50cf68fbff9f39a5ba1e,732.68
6a07a082ced6f7438fcf41e4a2ffb25a,732.29
6dcd617b8df9d73079529b8719ec904a,731.44
14eb8f180e208b9805e196fccbbcfd13,731.37
f596242db91986b554f25768577cd5be,731.08
660faf14e9201af9e1c4f65968010944,730.95
4d27b5e8b1dbf35db62bd6891f7fb0fd,730.84
f068c105965c15b24896dcad0e6879a2,730.34
69176257d28f36d16fd7f2e8e31097ec,730.08
49836f57f840f0c1eb0b5cb343312df7,730.05
95d07399a9d4f8d0322955bf73649741,730.04
e12f7f1e96f1f9f6361572028a1fad5a,729.74
abe9bf925c155c78397be91ccfcd0633,729.65
495b0abcb93067548cc032a5ddd8a09e,729.51
2686ba7105a5b4eaa691cccdf3a866b6,729.3
142a163734c48722077a381efdeabd30,729.17
d7430df1244bba45228c4ce327d397b8,728.74
bc7796ef6aa17abd72e99f5db2475ae2,728.43
3f01021289a4c54f1c984262f4ba625b,727.98
da8ac849037c7201a41a4db0b1fa963e,727.95
8190d0cbc8a4e51b3d707505a79a9f6e,727.58
d646ec1a438d3c3436dcbbda21849479,727.47
0728106bcd50b527bd5f6e9412fac0f5,727.17
06e0c97721bd7ef0a4630570de1eeb98,727.1
409b9ad422d4c4268bce0365f6e3fd38,727.1
59a58d88988577c86cf8a9e5570351d4,726.89
66be60afd5c9ffcbc04f93a0f7a8b7d7,726.82
3df3ce53721f777f3ff79331fbef4523,726.76
1df09f784cb5abafb89a1f313e164e43,726.71
95caa4f8ff87bb9ab5122b519872c05f,726.6
58c0ebd257150bd320c2eba5a4b5354f,726.6
c3a8c3c742829113458555ed8d300404,726.1099999999999
3813910afdc0dedd4d403ab280589174,726.06
93c25a6ad8dd65c386a6b1093b7dc642,726.05
77fdce6a79a829cf17915ce1f2c89e8d,725.99
0450c1aa91d99d308ed769ce3abe53d2,725.99
f1fe7d4def2b6f5db8df8f1888bf1c0c,725.81
3de0c9303f39b7ccfe69ca11aee19cc6,725.8
f50b0ade21665c5b41d8d1db10ef9932,725.69
6fe1eeba50adb26785158eef67c6ce38,725.43
2afdd8696b6603472031594893aa7027,724.69
ac361705f4d9cd1028b21fa5dd7a2b30,724.21
9b49001bc293b58c701a1538f60dff28,723.72
ec6878ca56369064bf4622f8560ba71b,723.72
e68142d59d8b0bb613a994dd9c72d356,723.72
efc183995f386c0c6b4287b15589c310,723.72
8e0eae873c0019e01182099a1c497b79,723.48
b8aced29a3e644673b246ee841e8e1a3,723.2
28989ef45087c96e5a4346e88216c2ba,723.15
d7b918d0c8219843c0a245d589680a60,723.08
b85e820fce5efe8ba55df5a2bdfe5d9c,723.0
8007d5734703f05653954f93215c5fc7,722.95
4b6572a06f6c78a9280f053a14797aa9,722.8
ae7cd94ae31f80797db02fbaf545e1a2,722.76
0a88ebbe1aa2ed7fc135986ced8a6b5e,722.76
6a7ee8caad3b24acd1400d10ec62bf64,722.22
ff54194b7b7f32a428aff086b73bdf94,722.21
f00dcc95289fc9d9a4938889748b94fe,722.05
62666e42501ce80d87eafaf0ff484fed,722.05
c1cbf369357710c2d505dc826e12bfee,722.05
73ab88904d8a605460b77ac0b8c14fc1,721.99
7f531a44b470da4b21197e47de11da9a,721.98
01ecdc37f767e85f5b3fd2310a289253,721.74
dfeba6046dba98aa0ab906c00c4a17d9,721.74
b6b8d9b2f9f75e41f08353b3c5e59b56,721.71
f94e2292a0cd59da10f5641a88946f25,721.63
96ed4389b063541454f2b1f15be16610,721.24
2dd8c83749f732901a8c2dfecfd00711,721.14
a8890e03c9673f8646efd590b21ebf6c,721.06
8aaf91dd432b5099088be2cd4696064b,721.06
2250f262fc767f785309548438ace190,720.98
2f36b9e4684b5a910573dbee723bcb69,720.98
c1c1e07ab2c080ce6f5c3e8b621eff38,720.98
83edf3aeab5f1a4229ee95cecd465bfd,720.77
b3d5c6a9878c091cd0d07cdf46352fbe,720.77
616ba0a640b9ca4807cf2f2ebc024c87,719.96
56e99250274944f6339597af9e1588ac,719.86
378fb2992e03f14500fdbc41100b98fa,719.82
d401b738861201747e01d84768cd876d,719.76
39d9d84ec70ae8203797be420f4d9427,719.74
134fd5fd63ee2f45735524ef3dba7a81,719.74
8262297c75609ecf1e73e53caadfc137,719.65
7b3a9396e5e5750ee23a07ee6e78c107,719.65
1bd5ffb847db8a89dee6f626e863713c,719.65
8b1d0f7df6c92a1bca09df712b662469,719.37
0d3822dab084130129d8408887b23fe7,719.15
4f548c910bbd1288f8f367c69bd8dfa0,718.95
f8f3ecaf1bfba1d0c6b2152653235d91,718.89
6bde6e04011ed3221e78fa3337891224,718.77
70aa0b3a58e26bed3a74795ac0af004d,718.76
7e99525fc257e23fbaf5bf655575749b,718.64
b1449986ee6516d3797d782b01c36e80,718.49
fcc4e7b7fcfebc7204802b5b797bf993,718.09
7a194525c5d606a95cef522ddf60561e,717.82
ac6b09376dbb997cd8ef1f957a5051e7,717.61
62564bb035479125e2961f465565adfd,717.23
a1aad80f12918aa399ec076ed078e5d9,716.65
8e0d0019261180d267d0c3375b22d358,716.33
b1c4e0a8912da2e064c7fb4457a28283,715.9
a5c3e82a63848cb08546796194121927,715.34
ee6e503dca5ecf649eabee92d446ecf8,715.32
918fc1e0f62d6a9c6329dfd85e965e2a,715.32
a7c9c26daf4a6a9e2c5eadc4ac023fd1,715.28
46d6e25b169e30130baf6f26fdb94377,715.17
1447b1e0484692a68d0c42a25d9ada01,714.91
09baec50afccbb414f24bf8e0bc7c020,714.8299999999999
70d27d9eb0678a4ddd8b3d5b0cf40d96,714.62
92f39d90e5d38bfbdd8dd4f7bd3bf49b,714.53
9328041b31be172969af6b4ad2289bd7,714.5
0b7604941dd811e84ae22ca3b90a49ff,714.35
f774a1b6de038bc38320ec8751c6df8b,714.23
314199be780a7dc8da9cd6efd9832d01,713.7
73b83a4b5e1dcc17620f1016b65371b8,713.7
85a5edce6d603b18b5eb60c05f755e4f,713.7
dfbaa905d79219afc7a10c45702ee9af,713.65
85bef48ea3240619e6971a9c676d7807,713.55
20e4708c1101b7f1d39ca9c63f65ecc8,713.08
8cf72caf3118c0df0739023fa27f50c2,713.01
74f6957797ebda73b6c3990e98cc0ad5,712.91
83176537f63ef9c7510572006c85ac50,712.9
0b250fad0a31349ac02bc975480096b2,712.89
c8876e76a6699cc5b0fdc20df213283e,712.65
b74721ba5a1ebdadc2c934e21b7e208f,712.29
4753f636cd4b638747f560aef48855cd,712.29
acd7af4da419afee85373166387d5799,712.22
ed84bb23be6213ff342be84da0126c62,712.14
4d64fae536cbb332a2a84c3ee7a8f3c5,712.05
e2226f481eef03f2876d1a27f0f4b1b0,711.89
bf43438bd72022045dd46ea7d60008df,711.57
9fad9ce71bb1d737fa9c826fd773c1a3,711.56
1115ea4b23b72ed96946ab8597ba1f96,711.27
ee03110c6fadc1dd0ceba4e61edbf412,711.07
10df10fefd52ed7458c5fec71398162b,711.07
73c2643a0a458b49f58cea58833b192e,711.07
db4a068b5f8bcb3e5e45be643f3961b0,711.07
21611dfeeecee2c4646828b01d61cd38,710.98
b6f7232a8dc9c942cba1dc44853ad2e2,710.76
e2c483395f5aa739622936a3e826921d,710.69
5700e3ffb7f0709a625b50dc0f0a3324,710.59
e2381d9bb9b49c35fff077d4ae613816,710.5799999999999
4a86360d1150d82f8928640d7355653c,710.48
bb60f6e25aee23977e19e036f939e8ab,710.48
4fa99df9aa1395567e37079b9c47f7ac,710.48
f55facac8c40907f178c8cbb6e6aa845,710.34
9a3566c1e9c0ebeb94fa81302533beee,710.23
f55b07d4db1bf6894473295c7fd5989e,710.22
9465934ccb47b5b5e8eab6dacffaf866,710.19
ab2439e59a1c21e89526de98266a7216,710.13
5f2d0693b4bacfc00bfe92a15c42b837,710.0
b77d9287064d0c8130947b0c84166a76,709.93
d6779a4b34d196a59ad0d562c5333dfb,709.93
941f0c3842a0dd4a291b7eee3b535f34,709.59
26e390cc5f19cc8c56c217fe5f6e700f,709.58
d28502797835569c4a3cbec14ac08bc0,709.58
caacbdab048a4388e47880d990db029e,709.03
7a5531cd96b9def6bd36bc530f317381,708.95
bd83417b926aab0fdb310f40c48142e6,708.48
d4336c36fbe83d4668606c4361932e1d,708.28
bc50d0c6d5effaefb4d2423feda931d7,707.76
4df43d4c7d3a093a519dbfe0b9dcc0d6,707.72
0695109d8c6c82bacc86e47a6246c390,707.19
0741fe7ca466a771cea561293fc17b5a,707.16
0e5143ee2eedccb05e2665154c4dca30,707.16
64e776171d437b65921fc68d8ee4501e,706.84
119d9879574377e31c5d0249e3317135,706.84
ecf191d9e1cfa4d03cb300297efae837,706.84
976a899ecc5c0c9a4784967eeeb2d29b,706.8399999999999
fcf38c68b308ef4f51873eeb966ceb75,706.71
1e42daf0af58fb971d1598af1fd2497e,706.33
e7a0b95fe6d4836d124b1566642ffbec,706.19
67773f41e2f21e1ede49a25fbc97dc8b,706.07
0435835f062a422e29d5f190c5b90e01,704.8
455c17b35969ca198c17f2fc9e8eba1b,704.3299999999999
d4bfb52232b293647e88915939ceb6ca,704.32
5bdb6f56a8fb4272b802f504bb6d1287,704.09
6354bc4ea9af4b861d0b019ee10c40ac,703.81
cec0a492aeb0bdd76f1eec9daae66740,703.63
9fec5bf436533b92a3f6e2c8d974ab5f,703.6
487b72af97cd4e1dcdfae25627f3ea8a,703.38
b2b9d8df6bf7845fd234b7ebabdff6c3,703.29
d8f281068c5b13f6b6578962c64a4155,703.1
c53487c25585fa559f629f5293b2eccf,703.06
0309db53bd596593382d0accd83d292e,702.97
08e3a5cc324f563d7914b2e2ac3685d6,702.48
7eb01c1ef439cd15ed3a4cc601d15dd8,702.41
e73e97b69887ff2806910c7f9afeb471,702.18
ef4959fc277b683cc049941a6cbb6887,702.07
2e3991c453b7a3b24907879771ac7818,701.85
c175d379d5d15872fa88cc38353c0396,701.66
a52d4d2ffd124a1265165b9bc2c8cbbd,701.47
da2197ca46dbaebec38382538105c8b7,701.24
10837ec2278f48b91274e961ee27e699,701.22
eaab150f32fb7b6b7c8adcf8db52e58b,701.13
727cf95c2abbc5281e538936d22837e2,701.04
d2ef3aa31349c46c778a33616f87e872,700.89
4a822609f184b947082c91789ab04512,700.89
f7eaae0982d5d8ff27c56373895d97de,700.89
6894532c4afdfed62b77f9ff5a33e162,700.55
4e9fed16983d17a7db116c9215ad25c0,700.53
6a3d2e4a175369071c5076f582eede07,700.3
821f53b27e4b64f4f37a864b1b05d097,699.94
288fa431def32be70113edf2790985ab,699.84
72061fff095d8325b311ea24e2f4a2b5,699.8000000000001
c9ae1d598a33315fdace01e3bfefc5ea,699.72
8e63d2582839dff07d4236b0c97ef780,699.62
f561632522774ab728bb93f8f3ab5e61,699.31
71570c9b76f11df814726260cf634fb8,698.85
85ac153c07851a940770823715ef7604,698.85
d5763d39861acd1baedfcbd33dccb59d,698.63
751499e23bee98be291ec8f63463a5be,698.5
ddd6dd5bce5afa714a88329c5091adc0,698.5
5a49489ef92cdd53d89ead5476bd3f65,698.5
a05262e3e3de722e0a42cfa3b48e622c,698.45
cd6c68c5fad15e0a5a5c1150546704e0,697.42
942c87794610b49b670506def94b8f17,697.36
14fe28ddaeb1c821b132701b9c254087,697.23
c5e913ed94ec2040210bbee0a7d10b1d,697.23
558fc1f4b81204e56cb4c02f3201db26,697.14
619aa35016b1e5c4c3fcae6e45b27e4e,697.09
0d3670b39e22cd5272b0cee0bcbfd600,697.0
720d84aae6eca7bf195d5fdadf69f88c,696.63
bd3dcc49489d1c665291fdecc22a3c75,696.61
64fb463343b5d80c73b868f1f9dca22e,696.61
f387cb2f9e25580031e37b4a885aeaa4,696.58
9160831db912b9fb5f89d075588d68a7,696.15
7749b5780ccccf606ce2881db5fdc97e,696.08
6263c619d9d052abcb21fefd9bb500d9,696.08
f4401c1c85baab9db3ba74ccd0c05e9e,695.99
e9c65641a4717db15d3561f386e99298,695.99
1b1819e5da72c7a8c26b2e46aeeac553,695.99
c34829c1ffe2887992efcf51e4e02b31,695.61
01cd1ef6c24558b19ce2dab8801fabcb,695.59
80c90ad8b349c3d26dc554492c280448,695.25
f5b18005a9e442583066a5527f119388,695.25
e374f0ed9ec35b9af339460a75c4d096,694.55
93a1b58fd7ba6d819a6ee10e56d5d96f,694.04
19c60787f1a478ec7345d03bc4298398,693.67
1b5a1fb128d2fb23ffc39090575c46ad,693.59
f8cc4ccf2ab328a1cef35f3617d7b19d,693.52
acaf5177d6de60fda7ce77c48abb5230,693.2
77d9e73de9e71c099124059557f957e9,693.06
a307cb0934b15ffb99d5247fb5616107,692.94
0ba9d9bc5f447c3741e7dac86c8e13cd,692.82
976e8620250776abce9c919efc2739b4,692.65
99b6693d3aca6d5a54d8b72529e2e58f,692.59
fdb213bb68db1651b4aec4b85a098b53,692.59
0fa7e8ccf4f79b9ee6dab32e2bb9ec18,692.22
1d3f38a44bc78323403edc862d8001e6,692.22
cee86ef4954e9d77f02cbc2276dd75e7,691.9300000000001
81e28eaa424ddc2aeeeaaeff72f0f9f6,691.49
a68366a33b3fb472b124bba255416bea,691.0
8bd937a69d52440a2a273ab036c04e94,690.88
0aef107040099c08391f73e81821bbac,690.86
5760ee6fa1818011681a52e8fd4375bb,690.68
d5340d65f40498ff9e47f7772081ab39,690.68
783ef66bc85c78a694d92a83b74adc99,690.68
14fb2fac2275eeaa6b646e14a0bd79cc,690.32
ba31ea04a575dfe13ef189d5dc797a5f,690.06
590b61a3122106e7fc89dcd7c66b1593,690.0
854c931fdd2d34271e234d88badf604d,689.93
3d057e2134a816aa1fda7ed50aa73843,689.93
c3a2ad3cb3efbd9dcb5cb39094862fdd,689.91
b8bdfc9a2e1db42608cef6cd5002e32b,689.87
1dcd131b74251e2fa0aa088ecc7a1d49,689.81
c1182373d393091e9cd4bd9cb51a6207,689.78
0f5b4669bd01f3c64ab92a3c32892411,689.66
08d4a52e91433741a01c445badbcdd17,689.63
f3583c1f4a492c319e60501645848fef,689.52
4d531a68877fe93bb78417a20d36047a,689.44
ead9bc5e29e42c47d2f2bb04117fbdb8,689.43
961be53c93407b4cddab85a80467ba6d,689.38
36a52887c02f7e1f223513f1fdea8ac3,689.19
304d32ab2f15a2ddc763e5eb70c268aa,689.19
956eadf2280a25c360ccfc7b42b21313,689.02
88fffd3d46c60c4307a9948faacc050e,688.47
e74798a6dc456b7adad5ca54412e54ea,688.44
ce5ff92b3b2ac6aef71d2c8a3789fb49,688.35
2e2380cbbab527da3f98d57f82edb6dd,688.25
f5f0d3e28165a2902358c69aa059ce1e,688.24
0c8b467d25547aac1b77e6573519f9df,688.24
5e0e7a85d1e428267ec4904737d1fc13,688.04
d9f9ec2e8b0b960bb670070fca4d6274,687.9
3080dd7d098635fb30d2c61822d5c055,687.43
b039c9f898a1c09b4df053f3bcf7b7ef,687.43
cd207eb5b4d7a9b5f4ad684eb5461c47,686.58
128879fb7a67cfdb05d5e1fe5a37e989,686.41
a5383a6d51465659e9153a2a6045e3b1,686.1
7d139b4764ef2597398453664b3967a2,686.1
b3bda7119957fa2b748eae87e839c41e,686.09
43fa44b3d8cb236780ff9a94f859c725,686.02
db28128ac893a0bb264e2a0e93087eba,686.0
f1117bb20d676cd1cb7ccddee694c50e,685.93
1dff60947ba05acddc2703b32bb118d6,685.93
548414d4fae122dfdee2518e86d1e5e6,685.88
2c586ec06743d74f7106584f85bb0224,685.7
d6f3374269d40ae542e8cfbff9240009,685.7
d04c6215922f50448442fa1752df2393,685.6999999999999
30d13c3e324acc4ee50bda3e4456c644,685.56
a53507b8e7b1837bc746ffbfca94b26e,685.45
e6b35f5adf571c37cbfdfc16e8b3de8f,685.41
7422f971f7ad3d66445f8dc98fccc469,685.4
db096090d366edab84ac3286370ba467,684.8
b690d1aa7b6574d7eb2573dbf9b0049d,684.45
0b4afcabce2689dccb890d6bdedca39f,684.01
60e25dc38171becdb0abd13aac4ece3f,683.97
93456039190d2a2c0cb5cc96b29bb9d5,683.95
bd7287fdad74d4d53c8d2b6e1cfd644d,683.57
0fbf75396ef53a6edf84b3600614d2c4,683.07
e66c9fc4d25d56edae6c24853f718922,682.98
e3f581bff8ad6919337dbe231363af0e,682.85
b9c3dc12001699a88211928c941c0af6,682.83
92dcd4992a1c796d78efe76628436880,682.5
3d3c3a765dbc79acc71ff6c96543b1f7,682.35
c9d1abc0b230150138b5716c0f5720db,682.14
f43a741f2b86fc593b013959d7b34083,682.14
c645339c7f927e64c0cbe6079255fc7a,681.84
1dc7fd7bbecae96efa5fa3c0cfd71864,681.82
7901c818648441c391b2b763d7a77b97,681.52
184c60d3f769361e505a2310ed7c508c,681.46
db5b5f882178662b38134fb75c2e22ec,681.42
49dae64c051e825501a36b1765f893ac,681.42
30736a351f1f02d40c82f97bbf0a38fc,681.12
e17583ddad3d2284802b931bce2d8f58,680.96
8873a736774a8df0628ddc744b3698c9,680.82
9d508f9fe2600ccc19e894431d968e73,680.75
14418104e2b69c02fec4aa6b3c72d5bd,680.26
425f2f28269c677f0e79adf349f62c0e,680.26
8c108bbb0e50260292b20cc76a647aaf,679.68
7302920b71b3b063b93e3002d88616fa,679.61
1d4626b197f66aa6129c135ab09f1a7b,679.43
c9b7041184e570070de0d53ec79500f9,679.04
53b50ff62f179c6a3ba2396e6c360666,678.85
546c4ef305bb39289425e9d1c2601292,678.49
281db6460e60ef6e47df2fe36c04ad5f,678.45
36d4ac720e881bac650bec8bb9de57be,678.36
801512ead4c9cbc98ecd208f45c975ec,678.35
60a31fb224a2ade6a4a2508fb0305991,678.17
b24c2da84afc32beb53ace42670b8aa4,678.08
78d665ab97fb0bfd754a20a48476c4e7,677.83
eb4c7dfbd6f9453d65d48b21efcdfcf7,677.4
c4e292752e8cf777263063aabc49b847,676.96
880e01d45fe9fdf7f417f37e55e7730f,676.92
2bcb6520264828b22eb21a9f32ce0297,676.84
d6e65f3d6d6f578c3f862652505f3392,676.84
be1b8343ed8f7ddc64e7a3aa17e877f5,676.84
c75ab79eb3eaaca757f3ce14b8afed74,676.84
24764284d4d67f146daa546143e1d0d9,676.8
83c76475c52e94b39f6240b68ffec54a,676.74
99f7fad55b93ef28bda9d8fe5561dc3b,676.16
6f30e84188d9aa47cf1d4688763ef90a,675.94
379dc556ac82dbfc98ddb8cce8f6a404,675.86
b0c02af0068dfacedfad5290432fb26c,675.77
9db8efc345bb3ff630987b7832217621,675.09
645c064b2cf41286c90e403b61eba047,675.03
7031ce0a91865d9dc26af671eb13231e,675.01
cde21887e86a254eab4799aec212b7b7,675.01
562d710912189dcbbd02715db2255161,675.01
013341d7f8accddf42fc02f001ad341d,675.01
9e5fb44b38392e51b5fecabf840a2423,675.01
447f1273bfb5c1c9074e8f209f5ab6af,675.01
128a970acd5e71fa13db36db08ebf1ed,675.01
526702b617eaea06b94a93af17ad720c,675.0
c506a1a7fe8a6dcf1361f1bd55612eda,674.92
72d269b304e316ace7ca02afbdfaa3f8,674.87
5ede9beb1608cb450626b3c83db9f8ec,674.83
67f90af2318b59a2f13beeb6bacf4ed4,674.82
64fbafb2935c7a2588d6a26a9d750487,674.64
4188caa06e720bc10b3e108d260653c3,674.34
bef3a704acb66b0a1d9bf1761e311cd6,674.22
8d870f05bd56056c62d59f4447e4de09,674.2
326489271c23dd3128b4480220e5232a,673.8399999999999
00bee19e1199bc5cede1c674177b9e22,673.69
5f79947a78a669b99740c292bbe11ac2,673.69
84948505177126fc3996e9f1ef83e631,673.68
e5c943fc426c1668b82841df2906df55,673.5
7bd511dd409b8df39a6b4a5c029cc973,673.47
5f495072a4faeb10bcec0d9a6fa316eb,673.42
e21b1d86f24ff6903076a6f4dc686a3e,673.34
aa6136c2c6f68032e96438b83be84056,673.23
08356b77e4dd0fa07cfadac1a45eaec7,673.2
61d36066163dfcf83989f7d6edabaff6,672.93
09eefdfadd9f432c75355f95f51b2da3,672.82
44a744d964ed677fa34517db79feca6f,672.41
99325e89ca142975a6bd39724ffcad5f,672.41
9a23e1dd0907387c8828590da70648ee,672.41
3b8296e22b231fdc8c8a5e284edad157,672.4
46b243ee048230f4654606f3728afbd5,672.37
431af5c5638973ed6e431618f318a0a2,671.85
8c6de572aeb6aa9db9391631b5bce93b,671.8
b5644fac32c2e169bea093b7ef916e65,671.7
2b886c4905b385599e6d8a117c8dceb4,671.7
8d559e5c41feffa8c86c61a6e6d88107,671.7
1b7d5ea23431ef1368ee0a5ac4782aa4,671.51
a7986e0208cca640dd67c245525231b2,671.49
a66315c850c3712707754c1eca7a8069,671.46
7c5a7e345e74fc2a92fdf3a186bb142d,671.39
213a3dfbeeaa4c75f8b3887c1e3b72e2,671.34
ac10064713bd3169f17aed85acad2106,671.31
7454c9ac3e2c66e2c624f4d25e10c8d1,671.25
3929a54da1d2080fad9a1db8d96763a0,670.99
88ed5da9b610ed59feb01e4eed5e4c2c,670.92
4a2cb078cabc165954e87bc0d80f38d1,670.85
c198e769b7fac14f57905d5384eb9392,670.85
9bc26fe6fd9365ef95a2f6a3a20a0b87,670.77
76ab1b49391ce566431f4ce1d52b3f6d,670.77
3d7374e69df52d243adcddbbd1fc6cf3,670.7
4c30323fca0b6d7cca4bb85117853629,670.51
04ae0d3a4945863f5612f80fb3cb9c6c,670.47
9186963d441c85d9a781413da96a7fb8,670.3
10e92acf5a464233662f0a72bcbb2c6b,670.2
3a89a315936b3df814113142920a5127,669.98
bad8035ae2b6cc5caf446ec291f624a8,669.96
b471d1920063d9c698e82e737e6c9c51,669.93
b0b94079598f018f9e72e9698aefef33,669.71
5ade76c1b8598f4752607e46984950d5,669.42
1427d43f0ca16b9d318d4bc18dd1a1b0,669.4
b9d8cc4f4985788a80e757402dfa5514,669.3
821033b010006f04e18cccbb9e096330,669.3
5a8fb123a20a0c9940c8914dcd6a8f67,669.0
7925dcb5128b04977f3ea47fb374a177,668.95
a679859aff4d4e1615e18ea972b9aad2,668.47
24732648c0b38537c172c35330411328,668.3
2ab36ff262a58b2671737325a4800883,668.26
29b0e029cfa4d858a9c22d9f3b701921,668.19
1d992273db84f17d7ba6dca237fa733b,668.04
4587b42cc2b74f250c75548038ac4586,668.04
c6b2ccbe75ac5addb40fcff5db96a5c1,668.04
6bffc0c27ac43787c33fd71822c6c58a,667.99
d071ef1aceca1fe91c1ee01b064c37d8,667.99
900c14f2de7599fc91930765dca9b9d8,667.88
1bf18b74c353a0dff095639c413b6cad,667.71
de94babd284639522797831b81b3d239,667.56
e60856952187516c3397a2c4ac63aac4,667.4399999999999
a7657330b1c135f3acd420326e335b2c,667.1200000000001
2f47288813d2ba527391c25ee2529db9,667.03
c8d988a1c19489356c78e8adc0e277f0,666.88
9df702938d6a4077c00d78744ff36234,666.71
318b69202a96429368680f215843340d,666.71
812b989ae1e1002fd5c0bfcdf3fa2860,666.68
09c8693be0df1717475ef6360a1912a6,666.45
1c5b5dbce760e341b511d0a399bec2ae,666.34
ba216aaf0c96f02b4e2689472b945ff2,666.27
3ea221da0451d7a2fdb9892f427b0744,666.04
39edb982c904700fbaa091b368aac6b2,665.88
5805f02470aa5a345996c6cf1eae5be1,665.87
4257fe126213e1c8ce9fccd3b576dbaa,665.85
ffebb6424578e7bb153322da9d65634f,665.7
967eec03ad3bfc2098130f019f28b353,665.59
3c00ae4d32ad5318b8dde8208f7f5b25,665.54
ebfb476205d72cf03d96be920b4680bd,665.44
2d20a91bda6cce68319de3919a613914,665.44
f19969d932ba8726e175b1fda5bf0f57,664.92
69f4089980dd7b42129b9e458627ec30,664.92
9cb59104da2858f0ed4ddc7b9d331f7b,664.83
edfe746c5a3e8c21a335c77d047a013f,664.76
efab514af1ccc028dcbabd1f8d8cdf90,664.63
99567d452c6589499a2ba8b0fd4658e5,664.43
ad09c5f5c39cca6a6d6ca4d2eb767294,664.26
5c67e973d6435e4012451892d3aadd81,664.23
4b959a062cba2dfe4f9dd7eebf597190,664.17
ac5d777c8eab479a43ca70db6294b161,664.17
088bf76cf4381f8f43e7be30e6635cb0,664.15
42c4318adb7826297293f237ece3523c,663.93
872104e59321d8928cfbca9c16776b2c,663.93
3b6d8779a13d0e022d93c46e814de0fa,663.93
e06e62694cd8ce637a1c3f4a624c647e,663.88
fdb65db26eacee363b0db34bdd321a06,663.35
fa50269029bacc8c6b9af831e34d720c,663.25
0e1437d1433e8561302ceb1b3b8e3f4f,663.24
c37cc6c1a59d81460a3059744f7ada1c,663.02
0413088a3122f7d9f8b064a7cd57f5e8,662.85
f14f9e4261e5a4543e35297cf9ced50a,662.74
adddad3f8f29debdcafc57d768c540ac,662.62
796a0b1a21f597704057184a16ab4d71,662.62
522e244a96d13876c5bac4985a8d5075,662.34
f4f1dcb7c6a5af10ef0aaae0391969d6,661.81
689037cc14fea584c0cf9ef5a5ed7d84,661.76
3b2aa495b3557acad84b380301a9cc94,661.75
a18aaccb94165061e9a41bf526b0ece7,661.63
90219f44fa075abf64296935281ac317,661.57
41c644963bc416360dac20b09ec98d0a,661.43
07956f7094f471deeac069594a73c44c,661.26
1e91dd1551829ea44f53c92f52cd3a16,661.1
05611a5f1fa509eef8b92840648a6b34,661.08
8848bddb3def6bec3d44bedef6dcb17c,660.76
3620cc23ffb1050d0bc60b76279a9625,660.46
70ad91901ad4330af432978ff134fc6f,660.44
54e7622690229436c11774f5f186e4a4,660.4
8d159ebbb559405a89dca5384fe9d727,660.39
e541e88a6234baca67e2a5674cc7c79d,660.38
44adda057b51a700d1e287783b02516e,659.98
58c2385a00210b1ce3ad1542d4ab16fe,659.84
070864e2a7406d03f7071e27dd46d21e,659.52
fcb9353836cb5b48b1ac7730e34f1a71,659.28
f7ac7452ae241a5a36aaf9542c2428d5,659.2
f63490c46cb95af7379c9a88bc3b2d1d,659.15
2fe46c401749e9e36339f1eee4f16396,659.0
b2b3bf7bed51d6b3bf22cc3a1373fd7a,658.65
83ff4d3fae541d685ea8687e934c43ec,658.6
391addf14a973b787a32aeded9b3ef24,658.43
cb85c247e17145a2883f582786099f12,658.3
6402d1b2927387b210f6360a1933d931,658.29
6aff90e0a744227f717c3bc35acf3818,658.22
e7073ad190896b5cb1afdb51bdb1b708,657.92
73c4efed8d45dab6e5e412c2f3594fe6,657.63
312ca503ca7b19889f1db32cd18cb120,657.63
752e16eb96c1372769f734d8ae79f23e,657.63
1f14cece5da31d108e380c174f68f552,657.61
682ccf21d70f2c2e037c35adc2888109,657.56
3bd0646f25efe3b9156b22cde6f3c356,657.05
8e53779cffd8f7d180756205dfa2bf3f,657.0
af20ffafdf4bafa0360312fc2220ba6e,656.89
b7797fd6d615d2e30c7fe1164734f939,656.81
648be13c6381102d73cd395d704eb393,656.78
8fad625c728b6a1dbbbba0502c7285fe,656.72
c96e44dd7772d9bb112f6da7ad691b0d,656.55
f2092562581c6e5e6d808e78e78ab862,656.53
85920cc809327ef7deca52b5ae81a1c2,656.52
1eb299821235e3be253d50689d517061,656.06
f4d515537281411bab4708749d303edb,655.93
b9b4ef29650e6efa53f6937789c9027e,655.6
de819348a45ebdca4293e9d4fd1c2894,655.6
0ebc40ce04a3c6446e64a6e7cb2835cd,655.55
282d49fddab8e95a8673a2a90072cf5c,655.09
1699973a2d62d4b25f3a74da61e22539,654.82
4e722092cdd72c0e41544b0336ca07d0,654.8
8312dbf53cccf98b7541b21ebeecc0a2,654.78
c3f8dd46275f086dbdc3d03475311e93,654.74
27f804545d7319ff0e9e0d84977337c1,654.41
1406bd9f0504fb06ecb39e6a7bf0c211,654.41
a7a7abcb978504e6ac66f29cc5c9b637,654.41
34d72d56865d5231b573ac1220cf0af5,654.41
20baefa0a13cbd3d8d4dc04e070e1432,654.41
9b6a169c5966850bb9c65b838d468f98,654.38
da65d809b169852c1817a1939e4839a2,654.15
8ea8b926af8086a391b130944d230549,653.72
3ad4f7f719b511802d7a94093d055e72,653.64
4543480cbf99692641f5b35eeae7947f,653.39
9cddd676a8bc6d15f3c0c464d382fd2a,653.21
ed4018911d6ae83a992a90a0f1ce22c6,652.7
88ef3169f5d6ac822eeb2cda922c7ff8,652.3399999999999
9a47f3ac5c51599a24bb848c16ece5f4,651.84
98eabb6f29d352e0468aac1372508400,651.73
4788cfa765d9650f25d192b5d88b8613,651.56
d6bc9f1074044a4e8acd75dba0f9bde2,651.32
7f3086687b82f7e38ec873f2e1a259d5,651.05
11306fd95d7609c636b6e375f81baeb4,650.65
2eeddaa3eafc35b2c434c351bb615846,650.63
e226254ce0c6d5b7a7ef7218c9b5b518,650.62
6062db572f3ef38b7a8ff4307abbfad3,650.34
b681d8fda31a5549084feae773413bcf,650.34
71fc6a8faee5a414d80feac6ea0e7976,650.13
1f05e8e092a82c4672eb3a389fb85b48,649.86
37ae7c58b4be022ce76874059d56d998,649.86
cd8b5aa70e36da03df140f7a62637588,649.82
a84f8e826c1606c12902c68033939f2a,649.71
93cfda1cfc2f8c36f8221ed61a566a62,649.71
44f4e30c7aa3df7983d97f2b96c3a0ea,649.2
e49c82ca5e5ebe3153400c1adc06cc9a,649.15
62971915b214249061acaadcb26b3571,648.9
25f2a384fa2be0af7d759ec22bd5e88e,648.82
e30fdbbdc726b0cba2116f03e5cebbe3,648.77
e98b40eb3134c3f78d3739759ad6b13e,648.15
d1c19268fffc2d095bf27843b7435130,648.03
d36eba3490c536bfdecc22e3c68ad453,647.77
a89041fc8a904bd25e9f126169cbd94d,647.54
fb99cfd55992fdd347a3481dfb26c4fa,647.54
022e9ef39a8047a24a813f57ad382b94,647.54
94e27bbbd8a0433df936d73d43600471,647.54
83c09d2636754fee9e24a68c6abb16e7,647.54
63fd7218b0cc3d5d4a354445cb266c4f,647.54
971bdcb3edc4371c0b34987a91feac02,647.54
77d9467ee197c820552759b1d53a1f20,647.54
d12f82342b11de33d12114309b6651dc,647.54
165b35b18144852e474ba63cc621060f,647.54
fda9a2c9ae3dcfc243d5709f5190471c,647.54
c1cf3e4c1de440972c612714a45b3f26,647.54
405f6492f9044e2046871cab35da8702,647.54
4dc19e952235d15cda17a77f0476a7f7,647.54
de9d54251e6daa7a7ed87d40be1c4bbd,647.54
24c1bbbecb16d2be7ff3b7939afe7ecc,647.54
7e62c36d2d39693fe8d85490a22a9280,647.4
3724bfc68569cc4df876284536b8add9,647.0699999999999
9672859b65a3863580b284469dec2ada,647.0
acea6bd29b8c1e3c6a8b266a8fb4475e,646.99
c06c4cd7b04f7a00770b273e06452f6c,646.6
a2c849f289065fe4cfe65b094aad297f,646.48
12e92c0f870fc6941c2bfafae6357c4b,646.44
69f0751c1d79721629c969cdbd8b7367,646.16
1c8518aa5d014960d04a7de420c97aaf,646.0
473d9165586cfc6708841d07adf6c020,645.98
354fa4b6a34304600de128c7196a7a2a,645.8
f0aa9a24f330070e4bf9b5320c898ce7,645.68
038301b43811478e1a8dc0e476eaf52e,645.53
37aa16c68f12a40642fb9f2cb2555db9,645.26
18891845f804fbb2e23bf695a3aa2050,645.17
4b27c5a0892e73bfd924861aeebe8eff,645.07
d7b96a32d30b16c6e8c5af7087648ef0,645.04
473f7ba5343803cbf047377f04085c45,644.9
e05757dc57fc38f5156c82e9e4444f8f,644.5899999999999
f0987e3c8d691d1baacb6343a7d6a670,644.54
91fed84096e0b789cfac3b8302470728,644.54
5732d3d352da117f04663db2861b8d2f,644.54
62b1b62058c7572c90f08ec692ff0533,644.45
ead67853687963974dfd6a3c23072deb,644.34
11cbc8127871a0849a690d15f7708097,644.31
b0cf52862e59fbb2580993925efd4182,644.15
c2a707a1e6c60b50f528c9875e721821,643.9
bec5c5e9a338fefb4d02bbd22958fc17,643.89
a2b3ce5552d104942d42485e8cf59397,643.84
cfa0f7234243fb3dc77d1392c7b28579,643.84
9d605e775d4d5e73e7b4177ec85effc5,643.82
2b92d3424e4753507758b17ea205e18d,643.66
a5ad2403eb313ee26919d8a3ad85448b,643.33
489937c943d790a39af5092fe2326d70,643.19
9ae9df4d1b92f1f5d6306a4267f3a4d7,643.19
5ffc432db902fa134ebdb7ddebf29613,643.16
5b409ca5e4383fcfa2d21b68c21e5a04,642.62
4c5200f7d135c94fcd304cdd0af9837a,642.48
d5ddf34cf6c2c4b17510f778b7335e1d,642.02
ff20fff170ed80db557b344c839df854,641.82
1d0e188751f16afaba2fff59dda152e2,641.65
21d53947339289fab78d373f2f8d2e2e,641.46
e989c537a5867ffeb4af81ac947df469,641.31
c51a1f42780144ae12d0e529abc3f83f,641.22
031cc9f0c34aac1349d8a7fca3814d70,641.2
0a386ee973ec0eb148815ad8a0e64b1c,641.18
2c5bafa2e3d48ca7b446921b05d7f5f4,641.18
19a4fe4f1261bd0f8d845bd368b7663b,640.43
82a13035f3bed08d1d07c175af1a2c3e,640.28
bbe865223f662c5d9ba99323e8d00edb,640.16
19af9b225f66ff34c9759c845af428a3,639.98
bc35384948f1f630eca7d52bb7ee1a8a,639.98
14cbaed6f27a7aab94b666fefa33d5d4,639.98
dc38b31bbf7da8165b8daff2dee40329,639.9
ce8306009970275b42de3d5330dd8849,639.77
2916bd8e85f36c1dd261f1d308f7fa3b,639.6
dfd36ed4fba79ae470007537f70abc6a,639.54
d2f0b9e0fbf779c60ff56f493ca47cf1,639.43
796214f3f3b496b3b116986185984393,639.34
df15f6ed7c819c41d42884e51284ce18,639.34
6bf5a8a19e059bb59b610d8a71d0c2e9,639.28
9623ec4ab37232534cb3a90ea0fcd8b9,639.2
b2bd387fdc3cf05931f0f897d607dc88,638.77
2f415501f319de1f14dcbb8f67d402db,638.58
101c4f3a8d05e210924b56609b8497af,638.55
4fc3b2dd77ab8ef16acc3d3a7638be60,638.51
83def2773a935952f07c2b6b4f0738f3,638.08
203a52b1145983c94fdbcbf514fe89ff,637.94
8d11f32a56d967b7e09d3a5ed6cf9991,637.81
13571a3dd2ccd4feaf52d0b4ef0d1195,637.81
dbdf4394db8704e0fc5d4ebcb7efead6,637.81
76b1a1828f95354fe777be7436aa0fc4,637.65
c5701af5579a4f9ffbc56ca596b60e30,637.65
47a5a4129f85be0710fb1e87f0941fb4,637.55
701456b03aecc8f52bb08abd823f75a2,637.49
da6ad0a13f78e44acd723bcbcea5de01,637.12
df6f3b5db21d0fd050af7ef95bfdcc95,637.02
07b28cf1d8515d08ccca505e273fffaf,637.01
d97873b9ffa50e0940212d2c2fe6b693,636.98
d4a5e9f19897de65433c9d97bf4b9f8e,636.9100000000001
b43fa872bef5450df02d9ee898d21f0a,636.9
e2492e4188991b6276a4a62a287a5451,636.8
b772c9cfe71a8b12e2217034af71ae23,636.74
33887de4578c82fbd015089f00d1aca5,636.74
a1f495dae8f9dd2db3a70ea51e098ddb,636.74
297e280f30dfc1ac59db63ab7d98b87f,636.74
d11623bdc89fce3d25fa2971b60992fe,636.74
31cb9459f7fc068336a66a1279678fed,636.74
b0bc64aafc95e8aed70fd7788bd45193,636.74
4b21dfe700fe0a91adb2a7b582c16d56,636.74
2aa2c53b231eaec5b82d9e54056a0cc6,636.74
67466b5877fad6f2279c1fb634c9aa5c,636.53
083744765db229cad6129488fb24a17c,636.46
ff282fc5312e19d4dff860acd8427f0b,636.46
444fc60bc5ba8cf076c37503c9a7319e,636.31
500a1e8de5a997e3e523af2947aee208,636.21
e123bd1899e6fa1c480d742dabb56ba3,636.18
97f0fce3f9d7aad1b12499a4e4b10d07,636.14
8a2333cdb1896477f51a40a3a97e7586,635.92
adff41dbe0d40058d786df6675faba6a,635.91
0333a3c96c9fa77a1f291132ecaea177,635.75
44ab76c25210de009b75d6fef6c02335,635.75
318b8659483e12e9cbe1e6550d97f9d9,635.4
ce6160651998b40db0a0f3b9d69f7f3d,635.3199999999999
1a189f701629ed12afdd77259dcbde0a,635.19
723e0bb34f42f7d8ae301c13cdb9429b,634.94
96704d3a81c304a5b323410ace7c8a64,634.91
0cef8ff1f87c67d578cd86ead3933fe7,634.83
53bbf22c8c4c4ff7da6e067f2869dbd5,634.83
85bf7bef06444b28bbc95ef68980bb64,634.83
cb97624e3f1891417ecc71e187648c08,634.83
97e7177998c0005ca21886c6448d512b,634.62
8ee0c2817eb10422ec6c436e4d7add6b,634.45
aeb71676ed8e15bdf62e647e3f54e3d1,633.88
902814c1c8358134a2233279c4e8463d,632.74
95dd1a8d97c9162501d0ca76f44520e3,632.6
8c2eebe63608c121bdc6c775fb96b6a7,632.6
1f51547a6dd337a2f865dab288c851a2,632.5
99e94e6c1ccd58bc7f96df28d11d3881,632.48
2c97a5bf8fcb2ba1608790dc645fb473,632.23
0209f290b5451d357308bc0e90521026,631.91
da533dfdc1a3ab068ab6107f443c6a9f,631.8
3a9aab332d472e048e154f1d1b8ea615,631.71
1dcb953ae69a83984839d5293191915b,631.61
059e0f6c22a36c98be342c280b7588c2,631.59
40df81233d3f985a89d85cd5a41d3064,631.46
334cc44b9272d44bcc16e37e0a22d69b,631.41
add5ba9046c7f5ed34507bef1320c6e8,630.95
cddac5b56ee65e6ece087d94b26ee6c8,630.92
ff55554082f5ae23537230286bd696c8,630.44
f804ed90360900357b6db9d7635d275d,630.37
6641cca6d9b133ca0b12614350dd7f96,630.28
2604117c1b7f93e6dc4ee94a32098440,630.28
e4e44c4115815a76259cf73c08a874c4,630.09
d4e6dfcac8c74ccb645213f3af53bfdb,630.09
1c9fe07351b25b3c75c6e480fd607047,630.06
4a162a5419f7cbfd59195ffc458479fb,629.84
c6f8ad34724df04e4f53f5e4ccbfadf2,629.76
c0d754ea73f891550ec5cc57f77a34f0,629.64
5c25cb465fc02f56db6b7bd765ceed13,629.63
1fa154efa0884dccbc8a82285623f8d4,629.51
56e310e19484c9c9eea920d87d6d8181,629.48
e419ea0591aac37591b82b409ccd3d9d,629.48
6ff62b85b8dd35a3402d54618bdafec6,629.46
cefd4de99e6592762f7e41cb2a028dcd,629.27
61187e65b3917713604f3debd31fc0fb,629.27
24a438c52577c3c30ba86532b4166ff8,629.17
3f6735ffa524249fca1ed65e6f53992b,629.13
2e7c511f54e9d94776c606007d672a22,628.95
74540909522c9b94f92a87de8f400f61,628.86
7d42b50292256bcfc7943186e4536013,628.65
060f9ea0a180843fb91d4923b6d01bea,628.63
a3dc27d87234f862d7e61a0148c77fa9,628.63
16746cee4fed07f5ae8dafc90fc0025d,628.45
36def45e1f60582815cbf52cf3c33b1f,628.42
052efa2c1bd83a8d13927cc08bc30d75,628.37
0fc4512b047ebec6da8414a427494244,628.35
8fbed3a01c5bb83fc9bbdf640988246c,628.22
c908c86cc48522f185aec323517b65fb,628.18
d0b9a20f4efe329f146c1954fb3fb019,627.86
807537a0c950f378a41b502ffa23b38e,627.75
4291db0da71914754618cd789aebcd56,627.74
1c2f7913bdd5d4d75b81a664d14b7fc7,627.66
d51e51bc242558e707476b648a5b14c8,627.65
0a7e10b47442388ccad9158bc3a59a98,627.58
af096bb816f90a11731e6b258a785d85,627.54
7a176e5d88c7acb6000a055e008c055d,627.3
0672d01bce31cb5657b5eb58c0f4884a,627.24
f5b5ccef4e3e00975bd50eb142442eef,627.06
2b6ce149982204423f4efac29701255a,626.82
5f06305669978008c33bcdcb76b6d194,626.76
b137ef0c791fd6fce92ddee2b926c875,626.76
fddb81302fa13caa643a9ce680ba8ff7,626.76
8b1f294d23244901dae99e29bca2ebc1,626.68
876bf8c186da54edf439c9037a5760c9,626.68
c2d57de917675db2642016f79052b9c3,626.68
fc4fcc305b7eb5bf85e06e1945587639,626.48
f91a0235d18984973f88cdf07a23330c,626.48
35949a9aff4cb9adb7394c44bb21e075,626.28
5ad96d7a95788923e8ff455366a90015,626.1800000000001
ac38c74aeb019552b01767cd6e3dd5ea,625.86
1d8184a5e6519ac418bc072c9ddd0a7d,625.78
dfa771f810eecd48a9b1101b71577071,625.74
8a34eceff322b23db7ecfd88d3822529,625.59
75129ee941b3624b131f8dcadf3f4d56,625.51
d4e190a11aad26d64b625617455dcc4f,625.4
b7c108aa583a020c6cf862954910fe4b,625.33
5e020b18f75cea18f1475b63fbf0713a,625.24
5f61b10d70849d46be5643b7453e1708,625.2
abb7a2bc216d5d72c86583a989488b46,625.18
7ea3dc64a652d699ace3048e904c561b,624.95
ddcf879b970abe56ab899ac045120667,624.91
0074a1d3f1995ff0538dc7197500973c,624.9
23d4d7eee9aebd10dcd081611f8ab998,624.79
f923792a9b3154481124949cf5766406,624.68
15d5f9213525ed106666b4a3b668b856,624.59
c450e06c02b1e9a248456be29e587118,624.56
17e5182d5817ab03fa16ee8e960e1b87,624.35
cd9a044f87d915231595e7fd53afc858,624.25
deb341a4b63b6c908a512849319cf207,624.24
98d2fc070f4afbd02c5788eacc6949c5,623.98
68e2f6c52e85de7de16d37980f95640b,623.7
dce12a6ba3b9baf1c59b36bb33c71ce2,623.68
8e2e1d4e6eb761a382c637ac69e70f74,623.68
0fa31a0880fa6aced72b677f0c661ccd,623.68
d6abf3dbff35a14ddcb1ea1326f51370,623.59
d4b264d125b3de7f339899ddb8d7f7a0,623.48
4aceb8c7e323505487fb7ad6775f177b,623.34
e279ede4d0a73bc22e97ce519415dcd4,623.34
be0e319f7309b7d01899339a6a24b770,623.18
26f31674c24dc09de97ae857df1596ce,623.1
b0635c2bfd67a248940a19b7c05b8e0f,623.1
3059f5eecf6b73268fc7cf0ce24f1767,623.07
a9e6363f36f640221fb0bea8973f64ea,623.01
b02bd9f01b3253917bc4d51b022f1cad,622.99
1e887ea4fea3832176079f70db143f08,622.86
02798e1b3a37c163dffad98b3c6de007,622.86
be453eb65af685feee10e4edba44a999,622.73
14611de7b557b6e01c1552f6b406d4e3,622.68
c0240a9d8bb6be66236d8b8cb7895603,622.64
9c5118e31b9ce13216afa1ec11d223d1,622.64
7849336c1b7785f258ffef06aedbd216,622.5600000000001
d18ba4602d649c19b02974c0cb8aa016,622.51
3ba72711278fbdcf091dc7440b55947b,622.42
c558dadcc296cc8d9c1ca740e16b2fa1,622.34
c72a58fec4018ab2334ae949fd146303,622.28
78e33e5734c2ff3703426bc781471ce9,622.28
9f2edafc17f2d2141c6a7f63d0119cd3,622.16
311b7759da40d8d24724a882f0641308,622.08
01f6fa760c8cee5fef785c7a73321534,621.83
481a3e4c07971c950ac25f7317ac421b,621.78
56e13e0df5638bab891c57803411dfb4,621.76
b9c8283a13a1bda30ed18a513ad68a43,621.76
0f6d099f1459871a9024668427f9c308,621.35
0bc4e5386e8f7f375f410a1891bfb0f0,621.35
f81dab4af5a125ab52c4e530ee748493,621.35
7ccb41958c591649755ac1a7e245f65f,621.35
d3857f98166ef23ca95d44cbe9b1828c,621.32
080da170b6d87c6c6e261c68e1673320,621.29
6b8f49efa9b867eb0643ce5cf91aea61,621.28
3433f3006cded712356665ccd4218017,621.07
ddce9e2963e71cb5713fdfb677341c4e,621.07
a725bf42a56eb498722a568570297f97,621.07
317044f83a92e499420de7fdc6baf5c4,620.82
edbdd3649ed92048f7585873507282be,620.68
2aa8fc021c68c7c1e1698d29faf24820,620.56
48f8c279f6e0dd1931c8cb6d572cc99b,620.44
3660e33bc132658a08c234cc82e6d0cc,620.37
b87410baa7a6aa6fa56a5eaa52ff2ffd,620.2900000000001
5846d63d73cd216ae207cb8697e91c64,620.29
703cb1bb156410ae57a261ef0d0e7e1f,620.29
0b3dc7efaafb0cf78a4796d42fa8d74c,620.06
f3e6c89610f9736c6fe00e11233c136d,620.03
c78aa9310fbb21af3f2290eaa5641f9a,619.95
ccc9b20de34d924b23584f1b7fbc70f5,619.93
15072151aa98cf4ee2cccddf6b87f080,619.86
863bdd77d135015fc5c250a5255864a6,619.65
f75da962fb4ddac1569e90c21803c455,619.46
a61c90260897c58b7365e7b2e664c93e,619.44
edba94ccdd8c021e5a58db8374847a5b,619.4
07342638d0e0aad32c3cf0efc1a37ba5,619.38
d26701079841116a3f74ae4bedbfeac0,619.34
4dff8ebbf016e43246f4a6a16e55f849,619.34
70f0622ab3555dc6e637a48684e331e3,619.34
314945ddf0337d5bd23bf42a6873cc15,619.34
a531aba0a9dd9a17dea3f5e99c63563e,619.34
2e9cdecaa137e8ba2084bbde28c85105,619.34
520af2d70fc68cd0ca72af43c5cbf0c5,619.07
f48aea240a5a2c3bfdc55571b4c3cd47,618.96
26546347dd1db04a1f9576b2da076b7a,618.9499999999999
44364f14110f2f9fae86aa6747101704,618.94
7640780cc068c106cd89bc30564e47be,618.88
57397552a215b000df85ea250a2521c7,618.86
fe734e0b1bff1c3eae41b269bb64c503,618.85
986bad28ecce08f4d9bd02d7d1508be6,618.82
b3b88dd09a2e459156e993cdd8c69832,618.75
e461a45a8f58e04f9041d7b1387ebcb9,618.75
ca1c7b496a7a43fff06ce5004a13be11,618.6
e75299e7341399b1d5f990c7d13b2773,618.6
8b97e74de321e5e5009a92d7aedff7bb,618.6
7a8d114b1347c060cb313a20524883b1,618.6
970aaac1ef55c68b39ca7369783d58f6,618.6
29fdf2980bca25dc6a3a3e0b0c2b2adb,618.6
22c739518f5240ffd2f80e0087aebe26,618.6
cac15a954caa4321d394c1c5fd01cb56,618.6
618c92fdec3da9b656706b14ff162913,618.54
b22b660b766eee055f792b62d1f38cbc,618.29
bb1185da22886018db3140e842e52b80,618.28
c715bf68d982201ad42efd165676df6b,618.07
e44110c2ff342e5bbda6c2224d94bbe6,617.97
d4679a0bcbfb8293a8ee2c34fc08266e,617.94
9d6180b002fa915ed9e6f79ffa9956bb,617.94
51bfbaee00332bc4b92c8fb31a931948,617.93
3277ec319b5ae6c2baff32baeb1c2bf9,617.93
dcd195c31d22df9d0c5ae74ab93f1c24,617.84
1bdafae1c7027a28342348f48574e3e6,617.79
c035cedb61d638d3e8b48521a714a86e,617.69
598662261607777ba193376ab2c2411a,617.59
e561063af08281d25e01eee0979477ba,617.59
d87ea5e1e23e42953de9a2e6aa31c80e,617.24
bcda0bcfa22066b5ff6a6b334e9e5cb3,616.94
3e0ec51549acef5abeb76a89812e834c,616.94
cbdb4e89c4cc2233a6810399ccf28619,616.94
1e58bb2e8c2bf75bf837008ad1c1f433,616.94
fdc8b2ae6846c2c904194654d61dbdfc,616.86
bbb35e0ef05cc5c8cfbf3a2b2dc94256,616.84
950a33095847816021054ddf4a6ca1d4,616.8
ec9a30a92b3423b220081c7f51e7d119,616.73
ad0ad7c74270b0993dd91f1b9aa0e320,616.55
176fa14df41f3c8f0daf93c00c4f6229,616.54
e39bb16f1f3471cf79798676265d1247,616.54
2d27dca5b552a6117268124ecc3c55aa,616.5
ca7e72cf5f23b5400bf974e750f80964,616.5
93eeb8745a219d35b7e32d796528b681,616.41
b3db13e8b7b325151c12ce826234f338,616.32
66c05d600a65a5d622d3e06cfa8c15c1,615.85
f95378253b32b714adacf7c352db9e2c,615.85
9fb498d0e3e2301ca8efc0ac0547233a,615.75
4d1035437d12863c3affb415501928fa,615.44
a017de101a9c4fab4995c1bc81e737ea,615.33
750d9679cef84e8969e9270f4e06c064,615.11
8997e8dac4a5c920e4102579ac0633bf,615.11
0a21ab24d6a5d516c803660f308e1dc1,615.01
eba0fcfd1d2b2f5291b0f2386ea62035,614.81
7f021f43975ac58ae5882bcac236609a,614.77
a5a41ed175e9ced7ee47aa1d2680b523,614.77
1605a6c5d93d3488fb621c5323930795,614.72
7538ded9a7b6e928545b67d26bb6bcb6,614.69
a77e0d4809656f1749355c311d3f0027,614.68
4297601e222fb22f81e6fa0cb596c4e7,614.68
0b94178b2ae91e182de7154f7837cc2f,614.68
5cf4d8521b41d12abb8835cd05cefe1e,614.49
932ee9a016781b9ae7332cf281d75d2c,614.45
b436145f8417067b8a9c8803f92589e6,614.45
5f60c7674f590470c5f331c6de28ec34,614.4
e4759b86f83529a6cbb5dc2a70a899b4,614.4
a8bd559f5b029d6f96e3c9d134288dba,614.4
e1a98cb77bc35b7a6b3cf855120fda68,614.38
82ddb85c2420994d709ee21503e44eb8,614.21
ac44b758896654d4fb93117b6ee19d00,614.21
bc2d26c5bdcca78c1de0688229443591,614.02
cff05796c7ae76babed6402b0165f6b2,613.84
4910006053f92928b62910d568d4ad1e,613.78
2edb7834d5a140caee6b83c182db4aa4,613.51
64e6cadd1a980cab3883d3a5062d19c5,613.38
2bf6fd4ad93eb21b3d604481c48decbf,613.25
5ec399b5365717be2c4e797ea44cf230,613.15
f8f6ed51ded0d4757a6153f5ce0f8906,613.05
2673ed475f648cf08deac9bb9c1abd0e,613.0
22c3483b1bb4c5986da4537ba5b43906,612.99
903fd0a27e127b1fad40186fd85c1499,612.59
fbb2357aa3892ff220b9db21553c9e88,612.38
49f412f60497ae29f6d8cb94195df5c9,612.01
a2ba62a1d07bcfb715b6af144599582f,612.01
c882c0a7ea97fb852da1578bd6dc3b6a,612.01
958843e128a10a8ae35155b6fc57fec3,612.01
0ebbc7eb66eec02dbf8ec16bf4df7d4a,611.81
2b80802d3e1ca452e18559c9c999b11e,611.68
171d92af5bf025428dfc2fd869eb8a04,611.56
8e78f2e8305481c8b0f285670de4829b,611.54
5703c481599cfaa34fe113a845388be6,611.44
20ad493b3549bde2e73523a918687915,611.35
e770900b7b855ab3499928cce863eb34,611.12
20b074769721090b564c189bbd5e8efa,610.96
e34db2a708052454521174717265adc5,610.92
9e275671202bef53a3e531057fd9c485,610.92
a390435a0f522717c53142d6446905c7,610.89
61615462ba0c9794aca790381c4ba0df,610.8
43b781a2c59f2e503be7b075e32b2b1f,610.72
1a21e0712b4e6c6b4a4832493b544a4b,610.68
4e28016fafca508e9c6d9eed1a23260e,610.63
65432db1dd83d868469ce900ecbb883b,610.59
88fd6a9e964852b31db42c6babdeee0d,610.57
b272a9d24a746262810c46f4b6b5fb5d,610.56
72fa4e66fcddd4b978987e81a00184f7,610.51
169381f51e4c3e926ef199364aeced22,609.9
09bc7afc3e8d8dccaffd0b16944a91fe,609.87
a982bd0fec12d781fecd9f1e17cb81bf,609.6700000000001
7895280f7add30050d1a5c1a81bc63ae,609.56
98d21426abae406e8c9d1af45dd15e11,609.5
82e623f8d62b444e316c74677ff9f2ee,609.43
803ba8d15f1a2f90bfdb1c2f2148b6ec,609.27
992acdbb71f204e17d280a9591c97716,609.27
845514897d2712cc294f58b2b1cc857e,609.27
81a1dcac3ca18ea37110b230c47058c8,609.27
fcb2a7889cd93c74402d7156bd4ac7a0,609.24
9a93e94e2e584f30b3012a2f52b9bcd2,609.24
cb2a8662d9c61e59a3bc5e9dbfdf46b6,609.24
d57aa7c889167a4a1f47b28bed31c3ce,609.23
1373e04979cfa0fb2092909abbd57f25,609.12
cb6c040d4cfee851f337e691f1b89077,609.06
8ae1dcdd10dc1e6ebbdf07a939f927f2,608.88
544f992354ec97103e10369945fc11c2,608.88
4658b26bcea972ed0b86a5f8c61718be,608.88
67db4d2b8e157bd8e237a23058e2a718,608.88
6ca566e77a13d0eb5d55c336b17f10fb,608.87
c288374c344d81884df0cf6e7095290a,608.67
23df7c519d15201c2c60f0ab1ae41814,608.49
21a2d9dc71459dbd3dad219cb9681964,608.39
5b83a6e579043f9d293af671b3fde86a,608.28
97b9d176749a7d6c492127e87c5fab0d,608.2
a2b7091a2b3985afa974d3d81051a22d,607.98
6f3ca89330837b46001199053466d4e5,607.87
49d0b00a8a500a6ef459945d7132f29b,607.87
64cebc495258137f37c06549d6deaa86,607.87
9a58733da0c7c3ec5faf01ec89d9c115,607.57
c4536b58064f144d0538c9cc69c2765d,607.55
e9523749328fe82cd18a39f8611a69b9,607.39
d10fb5de0a3fed8a598aa7fd3aa1be14,606.95
36ade6313f3817650f67d5a064c3d126,606.87
4d2ab073b50de7beb1f5e98d8e694d5c,606.68
4a371496a07fc9aed03d55fd43447f60,606.59
42220e1308d3a09f7b81ccd9b435f3a9,606.59
82380b485ec5234cdd668f5531791200,606.57
c4fe6661ef9df9a77a16c780f696ed19,606.57
e0d866b11c99972acc96a5cfe243bff3,606.57
c0db32b5102cf8ec8c26e4d80a5144ec,606.48
e7925fdb77dd57b021869b8a94bccee4,606.46
341b6946aa6278284d3986112c43def4,606.46
b48a83f209e95c1d6b16462856b97315,606.21
b942af5991f733c0fee381817423fe80,606.11
93a6881526f5213eacfe7e057fcb38a0,606.08
8173151835e54f8ac4d65802b60f3885,606.04
0fa960f8f6215551889f2124f2e3bd70,605.93
316e64f500c9c546f11bdb5d22bfc7b8,605.85
bbe8686a830c0caaf68452997d73d396,605.83
f95609e9bce5e202d1b0604fa273f33b,605.82
ae271f166e8d5098c767f5753eab678e,605.7
1b870d511f6630a41044f05f41dec5da,605.57
16b055e92a09172ee0639d5c5735f6da,605.56
893d467f49ececb3ba48d7a0e43d7adb,605.41
7301a2206e9f7e6beb6b92f627f1799d,604.84
165d93a9d1da194b47da42c9cf810ebd,604.79
751921e44f9db5fd14ad6a431c27024d,604.76
3797de5ad80619a55a3c0a8a034f5ae6,604.76
dfe0f3e7727bb6270b91c28bb8964304,604.76
82bb804b1ce4844e9fcb9be805767b97,604.73
dd4d20c4fb1f0f3706d0e1e66b049a3f,604.62
fd900b490aa7416cdec68bc136bc3334,604.5
1531da3d145d9923ae7a23d2d4cb47a4,604.44
b2ecb2a53f53a0beb130b94bbfa9709d,604.34
5a75e523333052454f36e015d286e376,604.3
97c0d90b4d37062c75b5f836ce3ab957,604.06
24fc2d6f4c3339820a1a3746a125f8c5,604.05
35ecdf6858edc6427223b64804cf028e,603.9
b83f14e183f25e0771ed116680199b4e,603.84
73fccc8e15106280b72157472628a291,603.56
1246ea8e009d8976b96418145027d951,603.56
9d2c9a97437cf840998fdb33171edfe0,603.3
1d9ec2bb9468c092658db37f486e4549,603.3
bd5ee656c6f026fa1a6ff23c1832c617,603.26
8a7432d16aec9c2e4e40cdcbca613710,603.24
64e9a736591627c469dae6f3d1592a61,603.16
a9f230e1e5804e42b363930ef31b6f7d,603.15
eaa707bc2447e9432ce467c8a432cb4b,603.03
51f96a2acab767da9d3e1fc31fe17775,603.03
13f2cd34cc492138e8725dea6dc4d7d5,602.88
02e9109b7e0a985108b43e573b6afb23,602.73
3dff7e5a3d6bc5efe2620d9117080564,602.69
aa956656d7338b4ebecd6fb1d683e27d,602.58
1be9308e311ddd714615d3b8a1065394,602.38
903500741674feaa683f777863b8565a,602.35
911706058a1b35ab892d6d7ee6415557,602.11
14729d0075dbb492556a4758f2bc6b63,601.9
9266c1162160a9f89df9e70f2597b605,601.9
41e69281541168834457e0ef69f6a2e8,601.55
0968690d0565e9870ff423120a1051e8,601.55
86f9051d5d2b2c520197c4d6b4042f95,601.49
feb4f5950408f25a870ca189d664bbca,601.47
5e3c05ea00cc825916772ae2891d4749,601.3
f494b1241d3a74fb58feeb1d6fd23830,601.19
0b16886fbd4636b3ba85d357ca317732,601.09
3e2c9af03b09916e5237cbccf60babc4,600.75
bf0627436135c129fa7d967439780b16,600.74
b223711454139852be71c956e1437978,600.43
5e4d57b5217587ccb9234555c17e303f,600.43
cf72db4c4c74dc8d6eaa66311dc89bcf,600.43
72b1bfd52165e2dc643f54fd3633f9d3,600.43
d7454b8fa3a458180e8089a093cf1718,600.43
0213ec5289d86c40bda69ed571b5853f,600.43
6411c4f3a3a713893b2a54533129da94,600.43
485fc62bddc00598df14fc34e0effd2b,600.43
d6fb818d72390f4d7bedef226f3e954c,600.43
c154216d425e50fa232a228f6b9616bd,600.3
fda4a17a661207ac8343bb4ad50399b4,600.13
5222835b581ce2711be308100ada6067,600.09
616990356adecc482689d3b66608b775,600.09
b53bb01fd133da16d7c7d9b602a3aac7,600.04
b576806119d9c13cabc9cd0c95158c60,599.81
7514956267b7c9e796aad89958fcd43f,599.49
28a9db0a11c3384a38457d7f6fe9985f,599.3
8a2116bb6477d75ea533208c915be658,599.3
300f3841803da915f5300b11060a4922,599.3
f0269964dfc708e40a1d948fb69e5c0a,599.26
ee43ef2ae96c506b7e1949660d6a1d87,599.18
7ace56ef3973c58860b3ebba3df52710,599.18
19ea2e6008a98e32959c62f5a5ac5107,599.05
6578156b303863a60dbe318a16add05c,598.96
fc8dc6d77c65df005e0e44bd7e1f5d36,598.95
6a505279e28e4595861d694d40fda84f,598.93
e7121d8ee3e85dd6179d14a6066b1218,598.71
603ad59966d17ea60390ebe6d3268f37,598.71
eebd0ddc20220549c8e2905f8ad1d7a2,598.58
2f8c8d4e3887241eb619e9597d461898,598.56
5212c50e79fe1349b9894f6508b401d8,598.25
311ec01a05cd02d70310ffbff5a28b5a,598.23
04efac4a29eec2c5662b65e87291ec38,598.15
dd8aa92b03446347ae752765bb2bb9db,597.8
15759dc80467b766cec285ec698fbfda,597.8
b4a2566d92e7d3dd3e4b5dd74f970824,597.79
b50e2c316ac14c5ad88a269716fe3662,597.54
175c218b2c3faf004c66a515df967b4f,597.44
74af582ebafc33d4f3d703257159773e,597.35
26d1b63e9b8478f84f87188c4877049e,597.22
33aa7a655357393d343ab311ad339df0,597.2
86090c3ef4b87b58e443d84483082287,597.14
fd36ac23e56e7a39e4ea618405fb99b3,597.14
04c9f042aaafb2430f14e0c3d46c0a68,596.95
5b110c20f24d20664eda410dd155dac1,596.86
9b889b803152464fc0a74d91c5cd50bd,596.77
811a64d5765612c8b8727cd2990e77e6,596.76
fba088c00c6128006534056c7b4b3a85,596.76
1500da334da019c68fda219f942ba38a,596.76
0856272ad8bcec5b7491b8e27b12e276,596.64
8f89a54df5a9ddf3302a97b20a6474a6,596.62
74da9bfeaa1c29dc1e5b3a07a4ec17a2,596.56
09283a79c9be27b45a955c851962cbe3,596.4
04d3c2795b83634312bf3f86f41f7901,596.39
20d8a6a96bd3f57a4d289c8166122c45,596.27
326260915f4a84174c71468b293ae0e8,596.27
dcbb6d432605b9f93bd9209c290b800a,596.27
f3033234e737e044ab64490153959611,596.27
bced841287e3c8ae37e0382a6fd2cb64,596.27
3ea94e1a7a41a5e2d4f6cc8544a67ac1,596.27
c400ca69892767c778ae4a1364e06672,596.27
ad95642496074c8644ddc0f8b21f5ecb,596.21
44a71455db7547f0b181c31e2eccd4d5,595.94
5939cbd6c6e883bfdafd91390b80c316,595.59
28e240d20a2a4904e9d5f64fc0ecef17,595.49
0845d810b482f4d469d3c88380f4a7d5,595.49
3ff45f223bb4d6fc772a38ad5a7b1b33,595.44
c5ac119ab2aa65ff15488f1cca9a13d5,595.3
095f244a8496bb26d8eefbc7848e08f2,594.78
967a0b2176d10e4fff035035b224ee04,594.69
29e662675e0a4cf2e0e708f715095bd1,594.69
50985b8d1956bd782be94c09dc9f19a8,594.69
a1e84008eefc17efea0a012549d5d7c6,594.55
ce78d36a92c8c804a0598c086f5dbb54,594.55
b653c6086aff5985336c96a5bfc9c856,594.55
22e16e7154401d6eb4f7ba788b3edb7e,594.46
5d48cdf4069f36c5eef7cb1ef1cf7a1b,594.42
ff0f0dd4e2a4bb1302492fe8d6880dac,594.23
aa84e514b0adef684666ac8e4c022e13,594.23
804e8e7cd838a3024fd3dc5fbc65e8d7,593.73
a1e94c3f6d7a4342eb7a9f0e8aaecc01,593.67
5f14fa22610fbeb251163acdb43c4030,593.62
f6d64b2678f2d65fc4816f9f7dde972b,593.24
1545f2408959aa8478cb267d8429e642,593.13
d4f4e1a338c7abd6b74e631887442994,592.88
a09d3cf8049c700597f6801d108d164d,592.49
a45cd739193c990570114fd33532df4b,592.42
c491d53abe7583f1d46046916ea6b01d,592.18
9742cc7599fb25ee8555efc615ff013d,592.16
f6e9a8300707615cf6ca3a8517e5af72,592.09
bbf65e7823171a84e70a495dd6c34ceb,591.98
f781ee5a8fe2e54e92c1b3c808b3a088,591.88
c6bc2bf4b75f3f9da5ce95971a2f463b,591.88
d20af6b0ad09b59c805eb438e3e42e8a,591.88
4ea2815173da22073d45c43bd6a4c527,591.88
1c5cbe9cbf4551e15b5c3d345239af8a,591.87
dee6a650840de087ac42c4367bc9baf3,591.56
bc06da4ef337c61d455d1e5b95ce9353,591.54
0bf013b2121f8ec0862f74fdebae586d,591.36
301a6d74a3eb7cd8e3508a045b8fa2e1,591.1700000000001
83e3a28d162486ffd4e99bec3a57f491,591.0
428fb2f8e861bae7c28b798aa8e32bf3,590.9
d1b1a515d00c439c119352339757376c,590.62
2d6f0bccd75dcbf570a1afe61eeb03a1,590.37
c6d8bd30273b1712b80c20e4f936b667,590.36
7b59df9ee77a19f488a09acbcd5a67a1,590.08
8421c404660ad61d2c87142e312c6e26,590.05
4ff51e459b288145faaf67005e59375e,589.99
086230886f279f9160a8d29bd66dd431,589.92
e1bdb6f98283d53aa07bdfdbb78191cf,589.75
19c234133aba7d80533e0ca98f3203cb,589.72
cb8661d6ba07d255d5fe1bb9dae9b79c,589.42
3bdc76a9b822c247122bf22bc27b321d,589.2
91b489c3aa6a391c1ac48a4fe3a131e4,589.08
2c2e4fdc9e97bdbc4398c060374324d9,589.05
cef3eb86907fa413c58ec9e925f39d7c,589.0
9dcc15e122dbc973e6114e323ded3c76,588.78
e0c99ffdcd8891130985ac90cd2d8eec,588.71
03bd7c8563706d3a512250498f0706c0,588.14
b8ca1e3838f1d2dd740a03128ba1b2ae,588.06
13fff243cc1910bf64dafb9bc81ccddc,587.94
ddba3ed2cacf896e5c54dbfb22499e15,587.73
f9a42eb689cb91809bfbcaa7485d886a,587.5
5dfc12ff66fbee3b02210e2e98739d9e,587.09
72c303776f85c5a1d7481489c6744c5c,586.43
6c70bee45f245a4ebeddb2ece21b567d,586.37
ca994abc57b0bd7981d91d0061b3d8d6,586.3000000000001
ac36fa41f71433d69a00408d53bdf950,586.1
3679353f5259c7a09ca6247f55cb4f7e,585.95
7d904a4755e206a3e308a1f03d4a3a7c,585.9100000000001
0bd9702b6faa88ff1d9eb5e763cb84d5,585.7
cab8ad6cfba53394c2b45ceb87275f3e,585.64
aaef5201f2e9de753152176e39ad419b,585.32
4d8017262c39ed921546de8130ddec3b,585.12
433da2a65199263e92acbf05f38b2445,585.12
35f1161ab7820558312737df4d402295,585.02
624923d10b950e6ba1e98731d5d157c3,584.84
8dfbc9064378d19ac99a21ac353072d7,584.6800000000001
125740359669fa63858476105a5d523d,584.56
047996ac70efdabbaf2047807577fff5,584.42
7f78ef49a3ec6ff5ca63eb05bf82fefc,584.33
4856ffbe4c074b9ccd4d7f28be021a60,584.11
56a4b3c63eed5992fbaccb3550671162,584.08
2ccbfecb5f5c6b8d616e79abec45c0e0,583.82
4092bf290aa60e4f2d4a0dcc2f38c954,583.77
da90ce986b770be13138f9bb6ebdab7c,583.63
7f9c2ab72136f9fbe2a2ca856021624f,583.42
c893e6fe915add1b28ef934048f0023e,583.3199999999999
a12b84183bdfdda2ebc41ba135c99caf,583.3
e98f95c4252e381b3521293d19146e22,583.3
ae7bbda26aa34d0eeab6e5e2f19fe122,583.15
595e38fad1949e25468ad1c7c06924d0,582.94
bea7d389efd65b310f6e4d95f96b1a0a,582.32
ca4f8919171814b7300040d583411a11,581.68
973f2fba63a7eb540f8860b0c75b63cb,581.67
6b15a5281d879abe976b42a7cd9e3f2c,581.3
06c18dc9dc7a01e3322f4e9245dac0ed,581.25
1057fd6817f767701286354dbebef40e,581.11
359bacb2b5c52b4287667a7bc6c7bc63,580.9
e37fea4e2c366f2dfcde193122962960,580.9
5925d5949fbb32a986a73c75c064df5b,580.58
a1d3e97003159cb3be579dbed6eac601,580.47
220034818d24bcd513ec4e7a142754f5,580.44
1b1e1338111f49fa2d7d5acf5fae5de1,580.44
33169d9d412d3a3298190483cbd3fb06,580.41
1e9197e682c28e264c48bbb98b992237,580.31
f674cc26af3723f9aeda6971493ae276,580.3
86ef1d99643569be4c21378742544d2e,580.07
9181f2d98576cd50d07143f36fbf3845,579.93
2de281efcc875efb68d7c73d55cac2ed,579.93
8020cb61d67a964fdf5f246d5f6cb201,579.78
d26c616e241736e0c1c1ab14150239e7,579.78
73a218a376e1c8e6a31799484fe514b8,579.6
47fc77bc7a7c841e6b2f030aff4daf78,579.58
a8c8919f75861a38d0bb0d297aca0e56,579.58
519a9ea42ed875f12c879049c09e8c02,579.35
20bdb9546fce415fff381e3e72828543,579.22
669e24f5e9c4868fb75106f6f96dc1ef,579.22
fc2261ae2c583aa2e68241456a6467c8,579.11
1287f6d27e4d6b299b6df65340831bc0,579.0
a5c93e7b12545f61cbf92efa2d77f1f3,578.81
07d790691c80310f11c9d6ad67215391,578.79
b27e09692a03b8a0fc378d3f5e052227,578.78
526126c9f6a2a58d226b574d4d6c2278,578.75
065c54f9c2d4b54d9203c98f4f247089,578.38
4c5ae17e8984ca0916543b159eac0f2c,577.96
d11e322b186d0d495232edf451e8ba19,577.94
59c282092153b12f70ae32dbd3203a7e,577.92
b3393eca96cd098382248663504da521,577.92
d47ae28be0ca67986130388a0d4fbfaf,577.6
c9c7741935dc1782ad64f6cba1f956f7,577.58
fe680d29bd77430cdae0648522b031af,577.54
c851f70413e20381390ddb28a135f676,577.0
9df144eb05e04bb3839d711cb8ddb361,576.97
633cde82da54389c1018461f59427a42,576.88
541605c030a175016e7f070836946584,576.88
fbff9b6a93c88f5c1fa0c3ffcf243d97,576.56
c374dc8c48a3edc15dc8bcd4aaeb67be,576.55
d26d2fc438ec98cf77465c211a4f843b,576.51
45e5ee02a44f5afede108564a3ebbf5f,576.2
3589e93cbd610abc00e2714461fef0f2,576.04
db03954a9a1cc5e71f6e0f73e81a628c,575.94
4022d9bb079c8bd731329585eed79bac,575.91
8d9d9d7b918b34862ba39b2464cf1d3a,575.69
3c9c494fa1a6a69d05d632d8247cf684,575.68
aa569d38e2a2aa9e81f3baae41fa4c31,575.68
5e3d08833a705bdc7ebe3709488a00df,575.68
c1c249a8cdc0294fd88d25846324877f,575.56
46f2e955a2102e6c4fc5423b1fb76ad6,575.44
7ed8bcc45048991bb58d2ede05150746,575.22
c59d44a792378a10062068958ebdc836,574.77
940aac34d4cc9e76c04cb2df90d0a957,574.7
36e92cef0404987afc69ee7dbf98b818,574.68
d0caf7002112b6dcd0d17b0b94b964d2,574.64
8473d82f0a5c152d03a8a640c0a89809,574.51
99bf2e03eb1ef8f29fd57ad10fd75e48,574.36
4f68539934cb2c65aa146ff5ddc62646,574.26
1e380d8c09047dccbb10a27ae8dfede6,574.0
3094e3bc9f2c62e51fe92505c9bfd853,574.0
551a43d7e0bb14426e6ca28d7eec8463,573.85
5904e9893ce1f14814fe520245224682,573.78
ed3042144eaac40bd646363a89f43477,573.78
03c4286232d282681d979387068e1d34,573.74
1f22ecb07d25446bf52c51afa93cfa3b,573.68
0fad0193123898cfc5bd4cf1e387ca97,573.62
a9d91b01596a92bb257b5b3a5490ef20,573.56
a4b23a88a97763faff732368794be4d1,573.56
b24339384ad7bed4f7d051b9499f6b83,573.51
75401aaff51443612bab3796255b1d82,573.45
d2cdb8f3d24588695c42cebd6184bae0,573.45
cbff2844e9147796d9fa0b7c204c501f,573.33
06f1d66196374b588fbf7cbc2793874d,573.18
722b1837fb9030936fd0529864ce186d,573.0
c77e28120873b5909c08da41a16406da,573.0
8ad7111372b29f1c16ad00c2c3d93d75,572.87
bfca7a9e3e07df51447510ede80822ec,572.72
db7c87154a7ee02be7a9e9a0f10ca761,572.64
c2496101b8a1f3fc755babe2fd3a414b,572.64
34309ff7cf5db0581ee6b2a6469a3a9c,572.5
387dfe9949a341018335ecc237ee7a28,571.95
0d83b1f69cce44c6b8401433a2490be6,571.85
d779489889027d588524e77125599746,571.85
9c49fa7a57ef2dc5b85da10af332a1bc,571.85
a448ff454d6c6dae678669f12178fdb4,571.85
130c4e26dfc50b7ebf3153c56698f5ef,571.73
5c6488b7d12685827ce60336f56dceaf,571.73
ca574cfc4ceb012f09be566ec45614a5,571.73
edd025f570fec6a6121ee25f965f03ec,571.73
2f4118eaf3d3df4bf8c3d57f8c2bb1a3,571.73
7474c50d56685370c23b5d47593d8ce9,571.73
1d84bb0eda369daff7786d9aebcd988d,571.57
87914dda99d76004bfd05778028fa7e8,571.54
502867033ec89122387321e8586ec419,571.48
30e269835796f0c3a4df81efc2ecdb8a,571.42
1a25021583393531afe88dfddcebc9cc,571.31
b4681c02559d25cc1161a14c6d266ce6,571.22
c04c085b8e7573ba87b9ae1968d0985e,571.16
342575d13ea66e215cef06d6650a1e05,571.0
02844e55117602121bb79fe70a59522a,570.98
95b91c055d768572e82f253201adf513,570.94
9983c50a6bde8aa05f4e52979b0227c4,570.94
3891570de9631660881e981ca3286252,570.88
ef543410650635c64cf3193370ebb765,570.74
156ad43d21fbedfa5be91be0b14bf73b,570.71
df60c28451a08e1fd71150b3d004a535,570.71
b9badb100ff8ecc16a403111209e3a06,570.68
93a97ded75d29ad3e94405a590b367f1,570.63
3b866d8dc4c1f4a90a96c57ef538e271,570.56
fce06047bb27b2c778bdb36be2e58386,570.52
98a106eefec95f1b7c226d7944f813e5,570.3
9d42d5ee226121b6dc867197ce0529cc,570.3
f820eddce0a5ff03e1e40168b5ddb0ec,569.82
9eacbc4f4cf8272583b28dbca59e683b,569.82
70516671abf50491a2d1b4c416078961,569.66
d3a9179d0ae5adb03b33dd5b994bcbfa,569.61
f0cb222cb2db15551c7ecf5cd246f58d,569.51
e42fa91c4d4cb98492840ffe16df8d5d,569.51
6086989b410249695d8a6ea3ef3bb9fd,569.44
e9ffaae2457c73cc22dcef7b7f56832b,569.25
1f9de30d7f394a1c24403cda4ce319cb,569.16
4d0b63c02bf756e064687854ba9c6ffc,569.14
f16a7418dca2619d9524be10babfeb5f,569.06
3845629d8ac15f4c0e482b5d68e608d8,568.9
5fd3e50cd600d076eda5e076611c35c6,568.85
56a92d4ae6da383232787ec2b840a711,568.63
2f8552b3c0fd59f1bd0f0821a136a9ae,568.61
5a1bd425ef99fef599f4159dd8838702,568.59
92dbb8a519a6e824aaa5a53e3f62bb3b,568.51
6b40f79b58516afb8e7d18367d7dace6,568.5
26d23e38ed702dc7a476dbb107192848,568.48
7000ba8464b01158048ff60510bc5c57,568.3
f8acee1320f48a4fa1fd409ef84ccbd6,568.08
fd8ca2ec473847a4367206bb75db0d99,568.05
a6067b8524c5ace8872e34f87a37c3f1,568.0
40a01c0e311a2ab2fe2c62fa17e602af,567.95
f9fee89d4306d2a370dd77b85528c476,567.6
0e2a10c8d1b35dca12057704d738bdb6,567.5899999999999
bb85a31ef0c49f6dc089b987f7f4150e,567.52
c7a63e95bffbc4a546a978662c374a88,567.34
21c008a3391c524e97b5c6210503fc4a,567.3
2d97657d968183cd1ba73cdb7d440fdf,567.22
4eeae7ccebb40eeb5bb8d5323485f300,567.22
b2c72d9d87482e5f6ba18d5a8c68a93d,567.0
4f8e0cd35c770318d9e8874c2956345a,567.0
5d8f5f50fd2c7fbe8b335d945105a37f,566.91
a5ea2e40f7e2292886344214ae2d7bd7,566.79
8cd1b9025c793c851e44bf7880eb5a7f,566.69
1a9e959a0b5c9032b4bfae0222fd2989,566.63
c8c87008ea073e6d84cb347b64d1841a,566.41
2a6f1c54c079bb319508a8278df9febc,566.4
3a1d9094ec0e55800abf82984483479b,566.29
77a63731fc358f68a5ce26211fc340a8,566.09
db9a58053c3f7ab8be9970e6b2186567,566.09
e89b05b0bb32e1d5065217c753a174d0,566.07
67c9d90963ecbba69c9da44b62713203,566.05
8bb27b06ee3a26237082d3edf726f4d6,566.05
1e6d2ab66fdc23fe97ac091057970b6d,566.0
cfc2d6055a8f5c00f08f9575e9327776,565.91
4c93744516667ad3b8f1fb645a3116a4,565.88
dd8181737620a49788d680950334ac03,565.83
95d1bde8cd74ef80c3680d189531d1f9,565.66
11610fbfca5eb4d6fffdaa00e651fd12,565.58
182ebbe49711dd49de4fbbdf4a999c10,565.5799999999999
a5ea267ed08cc63f6848c14b2f2ec313,565.5
d54a1980d188a90dd6f738cbd96353d9,565.25
cf41bee1f84186f1e4ef0b7c768f7c37,565.25
a45774c5f77f3d193b2a2ec8751d4880,565.08
5742406e72eceee07be827bd07fe28de,564.89
ea20fb8852a37fb8519b72f172bb3d67,564.4
5db0e24b2c898dae46aad6b8bc8c947c,563.95
2ec795a39feac8b0ffac1f2aedcdbbfe,563.77
d040aa4ef4eee97186650ee10600e77a,563.64
49b6102818d64436b9013aa60b2b5ac7,563.48
e8d0d22976f3917db1ceba1e995fb99b,563.45
9ee58215f365ea280a43bc9bd89dcabd,563.33
dc9863265867f212dad7dd6847c73c6d,563.28
dcb9aa0a57b904429fc5d353ca54e6b8,563.26
9b1c978cb21b066c8cb29a12c846a8c5,563.17
53af1cb6dfe5bb4d37657200449e9134,563.16
fddb7f687eb70d51fafe165dd83c093e,563.07
336421b86cc4259a58106da261e0e000,562.8199999999999
b463aa86422087e97281b2787590fb0d,562.8199999999999
3e6031504a778b58ba135d793a3b7205,562.8
6330940a3441244490ba1873ebadff51,562.53
e53c8c54148520d235362a261a88573b,562.52
74122f823e916d4c14c1e0c52d672349,562.25
af99d660de8f775bfb5aa3775adbc364,562.24
7e04d5e356f71deec4b6275a4b5d1c7e,562.05
49d717e896631c2b2624dd30d8e36a2a,561.92
08cf2cba8edcd7fca65853e8be00b0f1,561.78
491b812c3d048808ea042dd0b07cf2b5,561.68
1ae047b629f5588f6c3066243ba66b7b,561.67
3a977d401378248731926b9951f530de,561.66
c6c17c2de35135b49a28feaa51e8fcc3,561.66
5f32e35f44f6b94899759d719822b6c8,561.64
ce0c4fe9aa793de8e8c27c882c73ce14,561.56
e90dc9258e140b61728e3745eacb26fe,561.53
495382ef96fcae4b77937a37fcadf76b,561.15
7c675c73c913ef2bc355178d845e7209,560.77
8ee1cad41a25870e75e7b78230277898,560.77
b7127bf565643c3a29b42c1e2d309a99,560.65
574d82ac7c0699b8c47077533193ee8d,560.57
ec6eccd92214a39545cd04d516a01ffe,560.24
ec6a85d8bf9c7a514c411a1287643d1d,560.1800000000001
80eefdb25d6a9d9bdb97dc6fcf73cfd4,560.02
3cbfa8093b3ae36fc7a01c0a263e0389,559.92
e64bf84beda887e254eb2774b89f1105,559.85
e2b52947b91ca54d47df98ebb45d134d,559.52
b871db8364c678df55c1e1ece0e27bab,559.44
cd86f2b40a6183a8212f9053bb0aaf8a,559.31
d7423349ca64905421b28c4659def477,559.26
42cc6f7c734a80b9557b8831fa6aa958,559.23
740b08c7336227fc78a2e744b9548f23,559.06
bd63ccd323d8ebd197530676a3cd36e3,558.96
e3170caa179176b49f1265ffde5c27fc,558.92
72547fc074fce4b354fe5b603ac3f040,558.89
7f36635c84fec36fa263349a7829163e,558.77
fba5d1d0f1fe26bdc35ef9b048e341c8,558.68
482ce7ddc4b8a3e9a91e53124ab8211f,558.62
fd64a042e0daeb782750ab72f52289c1,558.57
0ef5fe2f1bde0af1deb30f5d11c524cf,558.53
443c229cec4576b7a466db2b13751721,558.51
ee604e52be2a15c28ff587fdeb51b68a,558.43
76d1df67cfa34a2c4606537d54aea0f8,558.3399999999999
13669ed999ecb4580c18d217fedff1fb,558.16
beb2e98598e7d1e72147318d01e37ec0,557.87
1c641842df820dbf7618598030469a36,557.72
7151ab1b25efe473683b7ecb51dcf83e,557.62
21421ba1bd92005a3b48e6a745e9b8bb,557.45
fa63d8f86b2801385643002d46b8090e,557.36
ec7f1811826ab04a27a92197bc40c888,556.94
85a3d153f16a1f00c32905725d1e3b81,556.83
10ac97e970f479a6fc6be89aaa6cec93,556.75
c1add70afe3a61edb198b1e75730bce3,556.73
e5200f35de4c094ffc5c6c56398fe944,556.69
1501fb94311512e6b98462d159e05a23,556.58
3c569102e3f62b32eb0300a277e57385,556.42
9b2a6a603728d5b0b4f702c92f8e6255,556.24
96fab6e511253d619ab79a63c31b29c4,556.22
d0444d99c8704548c21aaac16c39ec71,556.12
bd3d8576417686aaa8c3973f7b5a0ba3,556.09
f4988f5829937b3dc3cb9c1abf91ac13,556.09
264ced2a97dc696bd8355207822e8182,556.01
e83641151b82f18e41c6d1ef555d27c3,555.94
32efa507b1a360412dee7ff30905ebdc,555.67
1db6e2379b6724e9428470cb30b60bcd,555.43
c2565975c1baf1579a811c76b041dee7,555.32
e14979e3490e6277c2278eef6e4ea85d,555.32
1dad5fe7744fe8b9b2035fc79c91797e,555.32
87c89a7f5fca6666fe5ea51e8b696702,555.32
71d22bf9fac71149518769246203fca5,555.32
e62b03b858ffa7b0dee947152bbf4bc6,555.18
423f9e0c39ec9e6ca5b4aea2791393e1,555.09
0bec996c01ab41b9409121a4b16d38e8,554.94
1df0e82c8163bcef08a322f56ab1e21d,554.4
fce1a2a5d157072b7c7251ab95839541,554.4
31ee6e1effe34e41549635db29aa9e78,554.4
bf1241eb66a008f5229590a2d9042f72,554.4
97f104e8e54ef4147d17fc1536a1482c,554.4
32d3160dbca190de70058531e3ccb11a,554.4
03d7f509533270423718902aef9d1ede,554.4
2d9ec110d285f0e7c501933dc7fed4d4,554.35
43ce06544a01d2e5000abd8ce96d63ef,554.32
64929594bd76164a7565e3db2d9a53e5,554.32
64df076fb557552498049bb07ed1cd5f,554.24
ada87a098914e50ed34e79bdf458fab5,554.1
64c839b1101b7ae0f26629b81b9be752,554.1
4bbaf6f7a10a7e26a8777aa5cb6d5864,554.09
9dcc1f5a9a8efb985ad3649fa4e3747c,554.0
b232059ba149ab19dc8cc9da42d37840,553.88
240f980f7c03e873c538e86792646919,553.8
0910b91559b33125f87c2a002d088bb5,553.72
dc591097f939fa6a57749d030d937500,553.71
ac6823dc21bd25c852134986a2c437c9,553.53
a5784dce0bb434ba849e0c85d2c52899,553.53
343a379f1c1161e96fa884172db6a218,553.52
9c53595ba7cabbb6c9617d23ed7ad8d2,553.47
787870a8d022009385fc9fbcbcc3a64e,553.46
ca60b9db72eab0a9a76c77f60aeb845f,553.38
45afd57c6d54e4ed051848bca25ea414,553.38
d4fda150c67fa99a9927ca5fe66dc310,553.26
c9b3b24308b1a4587ffa3e60fafc2b1f,553.15
3db49645cbf26782b4211ccd821d9e06,553.04
cd01259f117f3e4493162ad9ab000768,553.0
6c8697c531bd90af78b99d2671551c20,552.96
628bf7b073cfff27a6d6ad849c29a1f2,552.85
498bb699b0cc38a1bf437df5c4559ec8,552.73
3c555d15cca5369965d1759ad9530a66,552.51
20515cecaa7d735f589026112e1638e6,552.26
585a783f9cb8a789c4d6b38f13929fe5,552.24
44e2edcc9cc30475f197feb052790e11,552.18
1af9e7ac78a769eff9dcdf09f7b74f66,551.96
7119998b908fc4812f6135d47f80b373,551.9
1f9127ae1fce2f368bfc3837ab3b1f69,551.52
889a4f1051c25b83ad114022256f3a60,551.49
e72c96ec19df075fd316d783847812fc,551.49
164fce8a57bafc2af24afeacc741880c,551.49
a9f6361710e18b2e3397137d69aecd86,551.49
436791bb96065a2204c91b812b82f96d,551.49
cb2c9cb3fc3f2f035deaada37f32312c,551.32
6c8972c9af5f8ec1612b9f2125ae7a6f,551.32
fed1227e08fb9852b896221a0932ffeb,551.3
dd1640a5d21d24d20ee6788725a303b7,551.25
e5e6d605ccc7c5057f127b164d2d9a91,551.15
43f36759a3c130b73fe394747b59657c,551.15
478d38d8da5b73c1ec69b8d141aca8e2,551.15
c26714e5c4bdc619234e2c57c0798403,551.15
a97fee335dc5ba79f2d8215523610793,550.93
846e4612bebdefeb3a65aa63fee59e3a,550.86
781ed09520279a0e04fffe46fb1dd02f,550.83
0f8146db8ec9a42fe524ac8df67fdf7d,550.58
2fa26baea7d77eb189a7df2fdcaab0fa,550.53
7ff147dcdbedd33f8508f93823a7deae,550.51
05cc11f944a9cc2f8dd41fae770c313d,550.26
574eca8aac95f1f947e3bbc2564d1e9d,550.12
28f68e4284d2287c10f0bc2704023f72,550.03
944b22cacb5776c2bfbceeb0c1114028,549.85
06f96a8186eb3f890b6421e944a10c0e,549.78
04ec84709be36aae922647468a0be8f7,549.78
29d404644ba0bd6a54aa84f0807f8f40,549.7
81de0b5d3753b115f251fe476f3afc9f,549.7
e75777ab515d2750cdc5124052a0dfee,549.7
ea982877f1cc7c385f965955a3ec65fe,549.7
8bc3746e85755be3cd732b6dbe4bc21a,549.7
491957a3de1bf787fca9e9af19b1e30a,549.7
a59dc1bc590098f3c263f2334b8d152f,549.7
a0f575c70c2eb6e4ba6843930b50f8f5,549.7
9294ad7d1aedf7147f06724a6c72f462,549.68
fb482506a95394b3430b97dd4d5188fe,549.58
4369d9c3185bde2377048b61f06896ee,549.47
322740034480eb5fe9d14398aee49d4b,549.29
a894c90ce6279d5906dc3b5bd52e8998,549.14
c55641c7b843c3e7baae66b5946cdbb8,549.03
2ec67750cd5b985538c03061ebee01ef,548.93
d7484dd44acca3ca523936dd5b8f1b09,548.9
2bcd8a114014d937be8b3594707463dc,548.77
9c2a264534092abee3c218804b3a2061,548.68
0fa43f164a88bfd96f05ab1fcbeca41c,548.45
f236ed5552a1074b20a29af39a5c2bab,548.42
60a0f9402ae738b57554538616ee338b,548.42
0a5f289d0908859e4f749900cfaa6eb9,548.31
3ec1be9f245928e43aa7bc87fa547ea4,548.28
2a457a7a2dc9d8e3db075dfb97a12240,548.15
6f808158dfc6af6ca18b10e90e4e6704,548.13
1d79aec4d5dfa74805c303c16de9ede9,548.08
bb2f606d32af671d22fb163ffbcb34db,548.03
52e744435a65923d3ee3f2068582c2b2,547.98
9426e18d6a769d72a66f2e6299a03d8b,547.98
3768f360e396c0a944ccfb76b5b39bbc,547.96
2ed3ac7bc9417e096ad7515460451515,547.89
665f8bbe2cf428657aeb0572c27fef58,547.77
27eecff5a6338f7c36c78ad05eacc575,547.74
d8274cd52cffa1f1fdc4d056fe63b892,547.58
901fc316e36bffad4b5d8f4598168f73,547.47
d00cb93157046651ca3e21a3fc422413,547.29
680c14b53034e983c1e2dd6617bfeb42,547.2
fc43075230d63f6ca93c8c0481aa269a,547.04
751712f584a6fdc401e61696f9f31744,546.87
bcbe49135a6214760ea6ac719e45e765,546.87
ed714d066678c911cf14b9319ae55a02,546.78
6b59750878fb1122453b609a6cc618bc,546.65
0a3ce869b8386af24386cb035ce6f2e9,546.65
a81b5656640d5bce851ea5ec937b4b4c,546.55
71bfea8feb226fd40038fe16633b7666,546.45
37ee07d5edb5934d6a2b54c2c3062ee8,546.45
5d76af7047f41670ff622957a7c4c908,546.25
0035029989e6fc5cf030918a5f9f2037,546.12
2cd976730265cbaf5705ad2d586ba097,546.03
eeaa1daeb561d66db4c5e9b14cd427aa,545.9
f554449981dd34a68b3ee32e495134f0,545.6
15373e1af6ccceb6dbff6cf49a4ca9a4,545.52
4dff4725813168461eb3e5e9f807d66a,545.51
d65e50a656569a4aa7cc3c0224c300fe,545.47
89451a1b261f0b56e49647b3f7782157,545.46
9ccbe12805879061f2044713deb65877,545.24
881bc7f0f7982cdfed5ad1d267784cf2,545.17
e9199a70926b8f0e73254691a089e27b,545.14
b8329b2dd1bae9edf8e748f70dea3a14,545.14
d3e1706bd9290ddbfd20fc30fa7224b0,545.13
57e8d047ad2beffb5ba6943bc16a5fb5,545.08
4a598c97b3c81cc5d6097dddc0c16a72,545.08
a94c74a0431c653d53e59bcd1500e088,545.06
6752e46d4f28ebc4d783b203b9cc232d,544.92
acea597872fc3f407ede7c684918d57c,544.9
99d2a67470a906a6a8e3dd375750bc85,544.52
5b3571b50b2c2b9c3b50148047b4a8f5,544.41
616ffe00f60a62eeabb276603a7971f8,544.41
b118181abcb0f3623b02187e09399f27,544.18
581b99de2e551ed8dd889935346fde3a,543.99
546feb52e927c361cdf9abe72492e020,543.9
ce13dd61da229832cd0d6099e15896f2,543.89
cd0e1d42225b7f4cf78a382e4f57e704,543.87
f022aeda339304258c002fffb115d737,543.83
0d78d100c97e5e0723d862a95ca0dc84,543.75
e8b049d1c452735ee29fd6b50842eb84,543.29
e5969b82cfa750a12172e4aab40d6048,543.29
4d96714bb58abb631a3752375807bbc1,543.29
266bd072600e898f80a34d654c51a643,542.98
91f424e47d18ed963aeaae56d317b320,542.93
5f0b403304b047198b9cc1e2e92fe6d8,542.84
dafeae816eae60919178510f01f74e45,542.81
b4be8ffe5a39196f0098f30316f7d7a1,542.8
6d94066ade6fca982fff74724c2859f6,542.66
74dc6a3e622375fc6aae191555a5a95a,542.66
003db7adfcdc49857b095a50191b6c9d,542.66
465f1e1202e361c430bfd33b4f8e9dc4,542.66
810ba763835fb927c87eaa0a750b5ca3,541.97
fe2e54628fe48256309f2fcafd1ea925,541.79
7f67691cffedf24a885c5897985cd2de,541.42
561a5ed9aee768a6fb48096ab8e5b7d5,541.42
334b793e6537d5808cde171d8a09fc59,541.23
7c3bbffb69459f6a3663d85b707cd681,541.08
a518759d7c1ff063778c623c80a3d14d,541.08
346534c8088852932d947f4b8fea3959,540.8199999999999
a39447eee91a5da5d34e5d0b971ca1eb,540.79
a5c6335399140e986db84120c425adf0,540.76
1cbda36ee89944baa7a738ddbdc4679a,540.72
f0e310a6839dce9de1638e0fe5ab282a,540.69
ecb80b0bfe3fe9140d314839cfb3a7df,540.19
507f3efcf18f6b1980dc3a875a95aae6,540.18
172bc01d38f50082fc631541c4c19d5d,540.08
bd6c8e9ea5cd9adc391f0784e02eb855,540.06
ba5b89861d3366860b9166e90706a09f,540.06
95742dcc3166c2d4aa27a4e9b68cd628,540.02
cb2a61891656f6a945b89f3c4028a71f,539.94
ab95fb4ed249e41bc6aa1951c79d2582,539.88
869c42460da6e3509771df17387bdd42,539.85
d992dc4fe3f4c76832568405c29b55b4,539.71
f0f9b20b460b87fb270ac529686e96c9,539.37
3eba71e7d02f6366cf22d2d68a198ed7,539.31
2e480e3d60010e04de3acce012749279,539.12
08e4025ecd49f87c1d400d46a897313e,539.0
1d5776ff17aff5591c5653c463cdc438,538.84
c3dd11533de963395e9d4c790087c683,538.84
06b0421991a8b33ebcd370945f3494c0,538.6
c80f174f89ac4e9b08ef6b44d3e9535c,538.6
302ed30f087f0a5a6d680c7e34ec130b,538.6
8bf3a855dc7007d318240e8bc1a0420b,538.6
6b08bb8ce14082c8514c46bcd2f89c02,538.54
9064c8531c29bfa15494e6b223ea851c,538.47
1e0ba55381f0bfec675aecb3b18f2542,538.44
3673c4a5f32f52ba698145f2988c81d6,538.4
d373cedd67c7c68ae7bf3dba39594d56,538.39
5d754f8207d351d98f314c7c7c1a971d,538.39
ea2fa8b8e775b4d4ebfdd1e828fde92e,538.36
a72a2d4e19868dba726c0e6f49198c7e,538.33
c34585a0276ecc5e4fb03de755e8f7d0,538.04
9426ebb67eb209eee17f84ce720b6493,537.8
1118bbd6c82a824ebc677b12e525864f,537.72
8d6d3cae3cded78859ef00793a6b361b,537.71
821e75291b1ad362e614c0ea79fc95a6,537.44
cfe6ba97cbaba7a1e1ea20efdd3170fd,537.37
5c3914b94ee76459cbcc768f1bd2dd0a,537.16
e6b07a71ffbcde59b25a3dfe67246a68,537.0
ac08715eb6ecfbaf0e97a90e3cf0b6ab,536.75
3eae186f055f4487b4fe7eb48eb9620a,536.71
003162bf0351f47a1a247992b8b9b42d,536.6
aaa83a398a0c1216c7ada09d2285a3ff,536.6
cfc782fd443ac9ad698d64a51f0ebad6,536.53
ed04da2a9e4d7cb3eae84074a2822567,536.52
d0cca06294eeb5485945d73603e8b949,536.3
7a36678cf84c3a41303a5c51a6665ea4,536.3
0e201fc3c7b9b02edb2d1a6e7f188912,536.09
6a0ff4c1287f59cf5a07a3852ba6bf7f,536.0
8b8c6cd9b82fe4f684b16e22940d7709,535.99
584b6a4a8b2e568270e3b1d3a3cdeef6,535.98
a571a2a1134b8ec2b756a6907dbdb8dc,535.97
c8f7f21daa374b154b8d6d112b075494,535.97
e32ce82075efa0299f4af16ade9b388f,535.94
e7834c7e017fb854ac65189a66c33132,535.9
1b1769eab99217c9a006c25b7702bb3b,535.37
e1967ba1b15b23a95519bf8cf882530a,535.07
576d7fc1b6143c56e16f9190a52957d4,535.04
3a8b736ad07392961e9858a659683c10,535.03
ff68ad2883e793597f1c343dd6505f5d,534.98
a84ef2a637db68d83ae9c3ff6568a923,534.74
c405bd6cf1561c5572c076d2d84e191e,534.69
5f141a8330c7822bc86dc94d07dccc35,534.46
0e799bcae76615a1165569292cdff152,534.36
7330a3475a2c65878c2c9b95266bef04,534.11
08e9efd97973878416e24dfa610bc8af,534.1
654c7c283d20eb1d15d32e077e6c5551,533.82
459a68fbf277556ad8bc2343a06328be,533.76
a15a39c94a1934b7e64a5e10c5f9b9d6,533.57
e8c90a5e8a2ff54b73ab2acd1207c407,533.49
c16bb123fd0f6a23dce5ff04d9f43436,533.45
cdd2423c8479dba4e44a9f5d43808651,533.32
76d5f0e306da4dcc92bb8c4a00b4f891,532.77
0a8c96ffbf539720d99189266055241e,532.55
d67aa1ce7cabb93451a2795dcea925ab,532.55
0e4d012fac3d20c033e0284fb6d2ea6a,532.48
7e1681f9bb31800364869a2cdbe289db,532.44
18b4a8b791c74d00ab5803d5f04be851,531.92
4ed445687395443f1f4bcfd252c173ca,531.75
3074d9559c8da1c065b79c6174c00dd9,531.73
47489788e48f45b876c1969741483c8f,531.48
b7ac159644aa42f7186f5593beeed1d3,531.42
b7dea66177d950f0f418ce464253c1de,531.17
6ae137e770f4b67cdd1326b13b358181,531.16
2f58b777623157ca2c33f366d2ee8c6a,531.16
6d27e708580f5c26ca2282eaf9b9d7c0,530.9
07f765655f560c8624267665ce23675a,530.77
d4fd3ee4bbc710dbefab8f90f3d43bb4,530.71
f7375ab8456df55bdfc4d5f7dc5fb09e,530.47
de34b16117594161a6a89c50b289d35a,530.3799999999999
9eff90421f90d8445b8878fda6a99a1a,530.27
70f404c186e217fb8653a8ef353b7808,530.17
8b9e6aa68f935c6c7bd002db3bf66c30,530.16
50d38ebfa2476b95a3eef6f13619fed4,530.06
fcbbe2856825553e6ed2bfbb252587fc,530.04
922c4924327ce4a0c12b413c30231974,530.01
2a2a89289a3c302f210f17d164f5440e,529.95
cb7b0a31f4d257be90adf28f7a0afc47,529.92
906dd75072c23e4a71fe8bbb48c64066,529.86
8209a599016f707c1cb717aca54b45f1,529.76
4c45ebf94ecf4107850d91bc326851c3,529.56
301d1ce5a76b7e1bc47e5115bf5eb6ba,529.5500000000001
2333828ee788c93301aba0c40bc79a39,529.54
42572eaafadc787ce69afad9af65a7b7,529.35
d66bcdc1bb575be02bb35a3f5ddd823d,529.34
306caff15c15aaf471f6d3ecd4c3d5c9,528.87
c773f46401bda329a4395706a2d2087e,528.87
5fa89f42566eb0dc32e28d9e945c5f9a,528.8
f7ea4eef770a388bd5b225acfc546604,528.78
31f49e069c399db9c3a0bdf8653e4e8f,528.77
e191f967ed2ad2b93ad1c8117e6daa1a,528.77
dab4fe2af436949af561734e58a8dd75,528.7
600d5de3a11b76cad6cd46f9e57a9f92,528.69
237e7ea904440e925e22f84fdfaa8e55,528.68
4b652b7abac75861804c1ad973ee66cd,528.62
2a28e0b997ae772398ba763df638fc66,528.52
c49830cd732881587723077dd4b1381b,528.41
4ef6c02126b21225e011b242f9f79c6f,528.29
a6f30d82f17aa1b45503e1d1305ae44c,528.27
e49306b1289b65d82a1270450e7d0fcb,528.25
d7c6191ef9a4e61b199870e650d68e47,528.22
9170e53194feeed9f24bacb5a06ee4aa,528.22
3db7d0f4027dc3ec728ab5f92cd61f54,528.22
5f8fe54216ecb4a63a21c6ef3a16e72a,527.8
ebb09674869ef06bcb4bdd0bb0339398,527.79
f0db0a54f2521254acd7eec3bc96b368,527.77
a9691b8797461b51c07c829bdb54d8c4,527.77
d6349c498dd4ecaac6bfed760fd0f610,527.72
e100fdb6bc0036c11bd18c9ef0ffcb80,527.57
262e0757ddc8161af284bab34b6e5206,527.23
d8eea6c28e7558bb2829bf8d5804d169,527.23
2ffb346a1d49f3a0c816815c9973b774,527.12
31c0ba774c4b6f5ffc6190dad6bd6503,527.03
5feccd8c15f3ec2bffe12073c41cb594,526.96
a4c6daf94bccd97601f8a793df390c50,526.93
dc450fdb03562a6d52752858f7855348,526.85
ba98c4dfd6996c5dd6812d59ac200246,526.84
af2f1149064838dd52f8fa8cba8f4315,526.78
2c62afdc0b0bd908f4cb79f8b5dc059b,526.67
4d6ab5bca155ae8db181e5f35ca89cd5,526.36
fb8a913d0a986905d267a24397386955,526.3
c649d8bfec96a07aef30b9179564de80,526.11
515d3550e900372e765ad518fccee139,525.98
1a90ece0de50bc600c1cd0b1270af356,525.85
61ab612047aa649fa0919d8932839270,525.79
bd22e8c08d3479a7d228132d13dd08f4,525.65
5bd572e9792d37a0902ca5342c4b9609,525.61
55e3628de0f0fc02c8cd3eb79de3b739,525.46
cffeca91b944c96743c8f71648eb8078,525.43
73284f7b95c0c04e2a716361b08858b0,525.32
8946e8c5cc3302215a736abd180f9c08,525.21
8241424764e0bfa6bfcb3c6cda391ac8,525.17
74ee9b191b2531c511d1d30375d2284b,525.09
4de4655b706e7d846268e0e620e3551d,525.05
ec39deaa5a0e6be91e4a5e49238d6501,524.86
54a3838f7ba82dbf20d95017b1333b75,524.86
54ed3f082c9e7725a0e26e9e682fc825,524.8199999999999
8a800a471470ca3805b189f893a57515,524.81
31127406f4f4cabe57b756540218c700,524.78
8194a6cea93c5c653e7956f0b962b5f7,524.77
35694662ee96ef8cd104c2e9e9f2156c,524.48
d74dfc7a1504f45d7880c12e7f8fe142,524.3
be09f3273b8ef531c15a9ea93d1b6280,524.28
500a3b14746387c3ae9d94849df801e5,524.24
ff2f054d97cdd920843d34ecb43f7334,524.24
2df1d02e053e5faf28d6d408aebd07c2,524.0799999999999
1b34cbc989f331282378969b472d3588,523.98
5cd1fbbd713ea0194edafcb30d233aef,523.98
575b187a8fce085360e2f499f1c70561,523.9
0d3a93b7b703731592989f12079e9f04,523.8
9f9b454e416375f3c705666a76c37114,523.72
7041e1e84c7e1bbb4ae51fd9fd94f3f4,523.71
a653b64c7e0c3dc7f8e94cb6d7781af0,523.31
06944904bd31234a78668f4bb962817d,523.23
87b3f231705783eb2217e25851c0a45d,523.12
363603bc032a177f9d6d2c0d00d23451,522.98
cbe90a29307025b1aa98d02ad2271c0a,522.98
b8d31a82b1bb71983bbc08e4751baeab,522.9300000000001
e118369ef0f594c99e8aa4bdd44e0e27,522.89
2cadb76aacfa6da3ace580c24e895364,522.74
49a9dcd1756f7c4f988bdd0cedd5bf9c,522.73
8d22c683064d0fa7455ab4a20a41732d,522.64
5b8eac9117d8948bdadd22612055a8b1,522.62
96b102f36c7dd1b98b680c1ef5cc66a7,522.57
23a9f55c66d01a7ef276caa71a4c3879,522.34
d06c02b1ffc8eec2c5a45d968354cb19,522.28
5bd86f8bd79bd3de2c99a5af1699b6a1,522.21
24f597020fc5ef57ce93a6703a8da50a,522.16
94dea73f2f38b00f698f7ee2f1bf60a2,522.14
92b7da7b9e714a1058a57d34bf048eef,522.08
6ef8c06e2d3781d146627296130f7cbd,521.64
16e2049fb3bafcda8ae6c196df3be9a2,521.6
55094b4209466f0537cc52a4e3481639,521.56
058d762747c6abfa37aab7f46a08a110,521.54
728076fe9c49fcb0c1233795e6e83c57,521.5
7590dea9fc7279d54050da9c98d4752e,521.48
d291f3a15290c4c1edb70dc04fa8f35c,521.46
a1f124350296eacfe1cb2e23bbc07b40,521.37
2712bed264856242bb91aa06ef2c5865,521.37
106abb15071cec3557f8cd3b89384e99,521.37
1084032433fca5dbe35ac72bd2e83584,521.37
09b0c22064d0d0f4bf41db027ae7be5f,521.37
8d78819a02ccaa0243dbdb0888c7ba8b,521.37
2ac9a6cc35deffde6039785e5c81573e,521.37
9c135ae490f7642bc5fa01d21fc59908,521.37
218cd5dbb896e740c5230a227561bebb,521.37
1612e8679bfb8e8b5a2f35400282af03,521.31
ef7e46f747646b6129094dc3f4155488,521.2
0d4dc2bd48673ef0f233462e6b2bc276,521.13
770c6c524fc389b4cab878d19703745d,521.07
f9ae226291893fda10af7965268fb7f6,521.07
f597cd686de38086427186d274582e70,520.96
197912068e2a7a13dd81fdfc58369b5c,520.89
f28304729eda01a4b1307e4813684dca,520.75
1ead5f5c37bde289f52f322c4c497c4b,520.75
5582a3dd919867d0d7a42fca3dfcf81e,520.75
2bfc622f064b1fb2cc73e335fbe8195b,520.75
9a35a087e9b5bc3308a27c46377e71d4,520.65
122418b0421f2576d0cd3f22477c464b,520.65
47d768be63e1e1261f6ddd3729276194,520.65
44c43eb1ac6b18e140183998c01faaf9,520.29
dfa93e5b8638a3e4f891dc4e0a4743c1,520.24
0a8482d3b9220dfb3411e1458a9ac60f,520.02
8ec31beb5c890497f1872b5986d3cc26,519.94
50d0e28f36d2c2ccae53befac04a8b83,519.93
35e4ba16b6b1b5a1757565d853856822,519.91
ba05f13a7d53577b2627668cc9ee854a,519.91
fa4b986ddd49f0ac5f9b30baae85c8e4,519.89
691c66d5f2b54a03a95e2fb59c83ef18,519.84
a6914c0f619536c2635520e5add5fedb,519.8
549d98b102c6fbb9475af414e4bbb8b5,519.74
fe9e22b5f00b48c483db9b65082c1d53,519.74
9b977697d4240ec6d31641194c35b17e,519.74
74e6464250010ac3343789eff0904ac7,519.72
801f745b604d8deff64078eb05583a98,519.65
fd8449e3a94b6acf9a684acd1b2aded5,519.65
7c5d78417abdd238b85bb7588731376a,519.65
990d8ee178bf5e1724e920166ded0c64,519.48
2bd27b964002f0a2e7bb361380e89184,519.4
2cf1b13d236cbffe7a3e1857136982b1,519.37
4f40e85081dccd9137138b76a3ca3367,519.29
19c5627fc06c348a733877494c013db1,519.25
b7b162291adff744d6f3c6450557ffee,519.24
793ad164c5cac4140df0c539467cfca9,519.2
814ceb72855a60059e5065f45a1eb320,519.16
64141d6a76cf3ad362c44e85d9de8ea7,518.98
8a8b3a65e035012f101c4078741b92aa,518.95
328528c2f1990123f1c0074b312046ef,518.95
2cb009fbb4a8d0a75b6f1226f4e6a97f,518.77
be3d8eb606dba13a902ed67389d38366,518.72
ea3370e153242a75139a69bbbfa8efc0,518.59
bf99b40f4ff449da94ac2760849fe1ce,518.59
ef0a9d38c164e49b37dd40fdecd851f3,518.56
1b9c6d410a64d0d531eb264003132692,518.51
a239b8e2fbce33780f1f1912e2ee5275,518.5
1a27a558aac4c4bfe3642b8c9bffcf4f,518.49
c53e944da3d3ad66ccb7527165b78681,518.39
e8f37d0d5ee4a4629f8639019e464af5,518.38
bfd7d35b62a169033b12fba5f36430fc,518.38
b6c54869679ca8297369269d3d85392d,518.37
8f4b59315f664705fdf746a775cbab63,518.25
781c0058b37938ec11af4bb5cc30eae6,518.25
ce13d650b5a9d9e05799293014ae51eb,518.25
93df761a60fa118ff36d7e2e02760cbc,518.15
936fe566bf1b0c4feee2f36ac836789d,518.15
0a61b571f594b6919601bcf3380da7f7,518.02
303a86d9e8df0303b6833443a0e90746,517.72
01a17507586f0f10f52e7e86ac73e1f7,517.7
cb3709632b79a6369878c981ccb22045,517.59
bc98051cee7c0111167e6f40a4ed76f6,517.51
2f2eb7c27c3524e70a2635708d780dd6,517.24
8d6e2d63be229a4d1ac7e7087a32b5d6,517.24
d7794198aca3d64fd59f976c8830c942,517.22
da3a1a06748f0410f4c38ca16ea06f59,517.2
60a22f2188cd2b544c45f103d0e00539,517.15
618671719446aad2d578f97b9cfa915f,517.15
09928c4afa1c45cfcf099b3b13889719,517.03
2b0d2a4ffe3906cd18019c2463cfeee9,517.0
21de00c42cb8361fa68d58256242887c,516.97
62ba9aa6439e76ea875e1676b09ee995,516.73
dfd8d1d8e83102f22972352dc4fd9c8b,516.66
1aa50792e49c769e545f641c0488cc0a,516.48
7dfe1bf6338fcb555c43bc1b0a6ef2f9,516.43
82b1fc619514c098480129a85053e3cf,516.42
05041293eb4002c27c3bebf636dbd308,516.28
dd0ee11726c7c81c39e8f00e0aef3e16,516.25
39669467dedbe4a650046a0ec8859aae,515.94
ba07856943cc25d23d7950d5beb64553,515.94
f776e7cfb75136eead72c375baedb317,515.94
17d0490fbbca9329842a0b7c83ec4542,515.93
29290cdbc0b7174a6f480487e2041430,515.93
517a35f625b57d7c8533adfefb2d1b98,515.93
c48858a30f72bcc944a0beca84028304,515.93
dcf3e16f8c16a3ad4d4cb222f7cb41c0,515.81
79fe223f57a80d6d7debbcb1f6e5b08b,515.81
eeebbe724ea20e65d4fa09b0dd62d741,515.7
c7c19110042036e6266adc998cbf1289,515.5500000000001
fb3a2a76d5a443d3fb12048642c0dfc3,515.44
ac987d464574ee0f743f9b630f937a27,515.37
f722ff3c670cc731721553596b8de3a8,515.32
086915b3227ea3589f54682693a9b423,515.31
bdbc32f1050d9a778fd792c4ba18a66c,515.28
415c8201b982d9f1d02699252aba1402,515.28
84e703b803941d145cf727954fd666f9,515.18
99da196553d9b67b1c762a712a8caaf6,515.12
f8bc1d81f395f6239a2a5ab1b9edf1ab,515.1
8f0c64face0424da015b3c43b57b3f51,514.98
b83753cbd6fece26b5ce9a32267d2462,514.7
79dfc79d89cd016b2b9fb010a9cce86a,514.69
ad97668eed5826a5d800b15351bea269,514.67
3058f602e8fc1b30ab963bef876e3eca,514.63
8b310f234f073d2caa88081b604bbbf6,514.6
9c2321f285920e72059a6e34aee64d06,514.6
a688f49c277a0eb82f40622a59327ebd,514.6
e2d7429a92ec7e0019f4e76160d80adf,514.6
4a37214b106fac5a660b3858d4ac9d41,514.6
519bfc92913c498006c2b05dbaad7525,514.52
0621c2a5979d3e887ae519620cbe2926,514.49
1364b4c4c60ee8721ca021ed0629ea25,514.41
b31e69e978d97f380d52102ac379fd7e,514.37
f1e792f1f42a33314fbaedefe2aa7822,514.35
eb0942a2e9a6124956c421c8ad5cae30,514.32
efc96f2b0d64a87eab5fda58be1f6c57,514.28
c3763b3615d9ba4d12f8c534c7e6c77e,514.16
890ca8d8c33663936ceb6315c8781e67,514.15
f71052f0cb31853c63875b1b9943589c,514.11
f5ef5ee3a65f719ffae72ffac66eb11e,514.11
091afd743e817cf8c0be2cb5a4e5271e,513.9
e89f5599cf582f7dd5005596451462a5,513.51
195b57be963164644ee9621346d2c3fb,513.46
66520ddf514fd245907d76a567d68d9f,513.37
641729a1cf61d2c021815d273d42fb74,513.22
434b479a6ad8b343becbeab9f3ad2c88,513.22
486f5791c65f614e0314724e7120a0e6,513.22
2ecf41dba06a6e4d0130d73392ac19e9,513.14
edec9dc5759b4c2c62832162127ee800,512.9
c79537b95b74778c729f8eb0c901f50c,512.87
50299c07e471b34cb381a537ac5dcb66,512.79
787e422f4ab02214e5312445d55ff22f,512.62
e81d500c869aff794ce78f4df24ee946,512.46
83a660cd68c5879571b819200b90a74a,512.21
8cf77c343cfd78dbbbc900b911e29f1b,512.19
62fbf9a3e33b0b69c43117185b257eb2,512.05
5ebfc38b642ccf73ce96dcb300476e00,511.76
6a9694a5968457686e5c5e5e55b9dcd2,511.75
481e14f4afa0bc51b944c7dbfd68c8fb,511.74
da1c00cb82cb526b43d67fafe2ac33cb,511.65
30b94abdcaa5b08d5d78bb3bac7a594d,511.63
c47ec91fad63554dd8fe3e33188faf7d,511.43
f1fe705bc4a9f9b1508be25a3e4141f0,511.42
658bc5080837d598c151e2a0bb15af94,511.38
4aa4f96948855f6b44c1761679478719,511.38
6c9b828f9149c5b438a70cc61b02c1f8,511.37
ebf61f998fad68173ace8a52a6f8a293,511.32
a029899dd8534557a81c369475ff80c8,511.28999999999996
66e775ac24247ce2c55890a835fb0484,511.23
03459ab284a12b6d17eaf5b9c1c5b357,511.23
6c6b99ae4fface034398d28f5a4c820d,511.23
699003f10173022740145aa4aaeaccd5,511.21999999999997
d04a111a139dea9a477913fba49267f9,511.21
165a8bdaa0c1c792e220ea116f9c6d50,511.21
5d1894e6e042a43ff7a8b82511cb5a84,511.2
f5bed7cb6bc615441e6ff7cbec4cced2,511.02
5c58de6fb80e93396e2f35642666b693,510.96
3cf3148d940e0838e2f9ebe3cdd66f7c,510.81
af58393da8984d7ef53fb1d50f08ee1a,510.78
59a61650c717d5acdfed0912e5a6e96c,510.72
fbc54c797947d3df54284e90b4f9d0d6,510.7
8314fde2596597b1e3025d26ee38a763,510.69
432176c8ad774ad74f992357b9be4a39,510.69
a5c565a59f333f0d8e37f2010a825538,510.65
6967833fb4d91b8b052e0b50967065f4,510.3
12daf373729890fb70d6e10e89f3157f,510.22
e9d59edced9b2758b0d63a54b35ee346,510.16
82fcd0536836195d08311219778119fb,510.12
c8bd06c47119f3cde6606b5e829bd861,510.1
299282b2c7f9543c2c21991fc5c29a4d,509.97
d26c18f646566e96348d5782c71d9453,509.81
aea1294c6b907b03c670cc2ddef0e056,509.66
38a5663d9f47ad993d751656ddfdfc3f,509.66
886fcfa9e4ca8563543bb87e4e6c94ec,509.66
316d92f381a2045c4ae01cbfc4497867,509.61
ed05a1bbf9f8816af23fcc68084bb87d,509.58000000000004
bad8ab2f494e16eec3d42467f2a62a60,509.4
8387e34a28c264e9d2ece1aae019fe21,509.36
f5733b4f604cb18cbd2d22b3f6d62db2,509.2
8dffa3165d189110cdbe104f7f948f1f,509.2
b4a54ad19149ba21e0ac72f81a84865d,508.84
a005cd5aabe879cfb2c250c7e83d817c,508.77
d6fe421fb93c14b6f949f59c86986d22,508.62
e707dc75cda76b17ee5585ded1d2eb5e,508.38
4dae676f051aacb175c08d890ea69644,508.18
5f7d7732b351ce851a158528581af05f,508.17
8259b1b1f125ab7649d39ad67c8505f7,508.16
49a450fd780d8e2aeb16b83bd2663627,508.02
9def16803686e18372f7d1365d7d4521,507.98
5ad84888519e10ff52d8af00641d41bc,507.94
d9ee7056d3b273526910787687c3c218,507.9
dd12487859031219d411baa6f6ac20f5,507.84
52a2b4feb86014a5ddc45c371debdf75,507.82
262305e901587b79c5236175b06efb78,507.76000000000005
b554e16287c8668cabc1d155184976b4,507.68
94e32b724244b93c74c028ce960beec8,507.61
1a8fb416e145a099289e11115e88ee0d,507.4
50aef30dabc7aca975dbdec85dcb848f,507.17
92b41b6450ac0ce3868e77dbc6681830,507.17
b896655e2083a1d76b7b85df8fc86e40,507.05999999999995
568694a0655ae3b54872699d7a156a39,506.98
46b52cfe48b6e0ad44df00fa06ee853f,506.97
a10761434f09c45a577fbdbea33c62ee,506.87
7bcf1cc174419046b5c554e770a7e2a7,506.84
8f97b3756513ab87cac373ea80ad8c27,506.77
0e7324b249ec9c5881d8de4d608e8a16,506.7
f12b71c6e234e45a85bac3b4f6d9273b,506.66
d253bee698fca642ccc22a96dcb14876,506.48
e6a357e59fe2d9269e1a87bd55f0425f,506.46
49e653e04b8fbe4832f13fb086775258,506.4
af49df16d1f66199c9876046775a08c7,506.39
5b5a513d2e805bff55e5a8ade63315e9,506.29
128a2c7be5d59b8d7b3f14632cc58022,506.29
3a4acf4c4c97cc25075d29f8d29f405b,506.23
f665885a918a283d25910db7e8cf94e3,506.22
0724e62851ab8f4d61908341b6ec6a3d,506.17
7d8d80420cca4d15cbd9b927f6b11c92,506.17
254a37b463b291e2cc13a671e8d49844,506.13
977d9ad9d3dd62c012f846fc169142f0,506.1
777f49cd884e35d4f7983f59f5fc6c98,506.02
2f2f393ab0a2c32ac85e4216eff4a562,505.68
9060a674260c428a420775c3cfe36149,505.5
4a2df408882c707548be413cc5a1b656,505.27
7478839156e2cc73aac2b69320236f42,505.12
0dc81b520ef7db9cb44bb075e129dcf8,504.95000000000005
a7f8b23aaf522616c6c7daa2a3753247,504.82
05dc7381ace8c9b5a634129ce38dff60,504.78
66ad2382ed6d90ffc6cba32eda895249,504.76
25c88b7eff936d6a6fed64142b760035,504.76
0c5450ff739873114ab79581fc8422d4,504.65
f058a2cc5e2d85f398f29928af6436d9,504.51
d8a89dc47bde7dc0b83a3434cc017ee1,504.5
0085139b503668b3addcfe826d91be8d,504.47
8e0b3f06cbb3a040d8861e8e74627c33,504.37
ff5f6731168d5441f57407f27b1e154d,504.35
89a9eed110ce632160e5b1a47ebe4a80,504.35
fb64c8672219488ed6f07db6740567d9,504.33
1439b918601b3fc48b550a2e9925e413,504.32
04b3b974dfe285ac9f2eb96a6a9cbb9c,504.3
d75ab71c59b8325941bfee4b86f56969,504.19
33a76918feef5cb88ff4b0b16f1611b4,504.11
2d3e5076f14d42da578f63cec9644b9b,504.09
47828660b4aa2c38f57dee5d28805c40,504.04
b8fbbfbb999eada7bea124f324481dca,503.77
0fa3e5721cad691b9594fb89f9805a68,503.71
d281a3f4cc40d2ee797e5d59d5c85197,503.68
20914a8b341d905207e3de6ed4caa09f,503.65
d39ca7f15bf72b7010ec9f965ab138e6,503.28
7666d4f06baaafd2dd4faa1db952b4e3,503.0
7818e1885cbf99e32c83f40e446c9640,502.98
b1e45bddd6621638cecdf5eb6cce0f92,502.8
d89b8a8179c94edc9c398d57ebf3bf0d,502.75
4d7b6c39aa3c7b53acb8058e4094a593,502.74
40b80a791496f0ec1d353fa17c4465a7,502.27
987fadd385777d8f27edac709bc9fb61,502.25
2d07a93ef92e366b7591ca1ee99da5dc,502.23
71609c7488eb88baf20d78323d37fa4e,502.14
7141f12f335b30c6d8ca881d9f330c69,502.12
a573d37f0b329d5fab25d17e3c81482d,501.96
f5077e018f5ad2cf539a5a6f698654f1,501.92
78ba49a4895ba3e63eb9a8584d12eec7,501.88
77357cb86986e9d7c796d4c7459b9434,501.78999999999996
0b5da348e71b60d46741d90a45a8bc10,501.72
aa36550268e01de2536999cd0add273c,501.61
6a8dcfadfdfb2795650598f3487d4b1d,501.5
4cc309a4c2f94e0909af0cfe2af70d19,501.45
0df55f5accedda71bda8f4c7f590951f,501.44
43fe8dd64f7a6328782c63d08e4d00e6,501.44
26533b4d43ec9ff6eb99930a52fe13cf,501.36
c75c243586eaae6fe54bb649afebbb4d,501.24
0a609db8d244100909a15d65eadf8539,501.16
42c3440d6152a082d122b21ae37fcbee,501.08
3a43af6775cec872d9a3c80707eb3336,501.03000000000003
c84c102897b51486e887689a1390cbe6,500.96
a0f206c2c1a4a8f15e1fab6fe953603e,500.85
b1d331d598346f4682c504045921b326,500.75
3bc432ef4e30a7b54968dc0de9e230ce,500.64
56e6c18a2ddbb125db5ff8f5249a17eb,500.56
6be28ae15cd1e7b3f3f36ac483512822,500.41999999999996
873e4275daabf5ab6eff5331277244a4,500.3
f1507e8585845bbe10dde80a1ffa839b,500.29
3109996d4fbd9ee195129df93d759a6c,500.17
879ee1f90476a2fad74aec4f9c9961b3,500.15
ef0efc1944d3c2469876fbd10eb5cca2,500.13
b679873b72df26318869974877c766d5,500.04
436da367462528f45b3f6a919ae08b9b,499.69
8488dcd6d5b1f2dd4e2fc16b037478c7,499.64
671982022670f1de01a4159f7008672a,499.58
dec89c5c369cecbc707083a24f1246f6,499.52
e13e53b911d67b6cd20ff61aecd5d42a,499.46
a39fd8580a18106b255d59465955e149,499.4
0f2ff855fa8276432645e0a4766d7e29,499.4
55f21db4f9a353dcee5b774f750c65a1,499.35
44482ad67ba7af317fd50e27e5f0f009,499.29
fa296eb81c5d2ab98eea48297547858b,499.29
c516ab5d3734828829370782add9a630,499.29
19b343f1e6f1f565fae30b25ae706fd9,498.82
3c02b5a724d31387f0276108e82245aa,498.79
e668e6ddbe00d7a04540ebb0c5647faf,498.66
941c336ba35bc4cbd3c5bda62cfaa767,498.52
44dbd08cc06662e0ca8ac504aac75f18,498.5
059e7585d8fcd2430a33375bdbcbb990,498.47
e714c31427ab2ce5c68113b038189fae,498.28
a2d8125361b16f316df65f4603b88e23,498.21999999999997
9968246adfa9131d001b7f2fb4851d91,498.2
498a2e3ddd8c88cfc2da2862d6b1a872,498.14
8d96e2e0a5ee740ecf1ddfdcb826cb6e,497.91
49e6749fd8bf4a9218457eb19a92e200,497.84000000000003
c133266c3fa2b7e61977e256dec074a0,497.74
dde8dd36a5290a1bfb650e1c8037b88b,497.62
d4c23e936ffaa16128535e3119e812b0,497.59
397cc6f362ce814681a6d95e3b9cde2c,497.54
ea2ed024f2127b09bc5c2dccde8caeab,497.52
6a950f43b0758a8e141079d3fdc5e1fd,497.44
9eea8c3c95fb5df35e20c35d625e4278,497.26
afbcfd0b9c5233e7ccc73428526fbb52,497.25
77ec31993fcf90d38a101b4df9a1151c,497.1
6eee2898ad3dbd63c5f512b4423e2fd7,497.07
1e7e41aed1b2fb384f3e8c4a63b59fc2,496.9
db7ecd3849859458fdd70064fb9afa9a,496.89
5dbba6c01268a8ad43f79157bf4454a0,496.87
6f1b9f60ea8ee748140353648c2d8d8f,496.76
ad4d0a4b4ab96cef840a54ba989248f9,496.76
7fb211f99a01b4971fd1e07e3a256458,496.55
37a9c67a0d6862d50ae7eec2ae9fa81b,496.45
84e15d7bf7388e7c3b6233f4076c3f43,496.44
66515d1bebd2b28f94559f4da6d0dbff,496.4
b5b46581465f851df3529a30d2503f59,496.38
b6d1c110073034dc955ff7da0115bb47,496.1
032b3a42598667caf2e099999b9dc1b9,495.96
0462c410423508010e83ec6a0a347923,495.93
120a6e1875940fe48a44d6cf30706230,495.7
ec449149317e67f234b1cf7fe9fc966c,495.57000000000005
0e06af8004ffd01a3461e768f9f659aa,495.53
012452d40dafae4df401bced74cdb490,495.33
f25c82f041560f45f4a408157ff3a5de,495.25
94aea9aae532453c72b6afbfe0eaec10,495.17
55bd4e233a0f19fd2598ad4a5a031dc3,495.12
0d3bd905cfc915fd3d0808ce676cec1f,494.93
8a95056b02b3173e84d48647c52a7e0b,494.87
362928c8cd61df2e6951751dffb4be85,494.75
f587542a3e4773cfbbb3aa62725bd13d,494.68
cbc73c75d15c7292a3defd556c710b2a,494.67
f0414b5affeddccb0825a0b45c63b19c,494.66
93fd4374ecb9d8db4fb5003f4536df43,494.55
686f427fbeebfc5e7459e9d216ef1b8e,494.47
f140839b5ea1ebd782956d880b40f5a0,494.46
db70a8a87fd3ae2ec9b0d9e9daada859,494.42
66687f241e65be2fc37e4213aebd2d76,494.1
aa054b070684f5298f6fcde3a4513b31,494.1
ddd2a389934bfd50ce3bde06379fdaeb,493.93
89adb0f485715b9290d1bc3ed400d27c,493.92
1f9756abd497b76eeccb492bfe91df35,493.85
532fdcdb06e4266608a798f54fd35d8c,493.63
f0347c282b3654c9a42bc10bbde1912e,493.51
7db4ea89b426e5d22106c2084b70667a,493.51
eb0fcaffdcd9a3e46e7eb9c4bee90cd2,492.99
0665dfc7cfced30881762973ab80a4a0,492.93
5eef461e1881783a821d431b83d84a4c,492.92
c350a1f3b7f5017af760960b265c525a,492.87
b8615c117b6d5af00a84464736ba70b0,492.84
a0f0a2082b269a9715ba874c94b592f3,492.74
ddeb92c9703295eeda71f1364b943c02,492.56
5f1602fa1663ef4b6726cac5ad465de7,492.53
70d12eadbc6f55d36dc712fef5317ff8,492.47
08bfcb6437da0562a0b6d9f4cc5c7d2b,492.46
a826e173df23e6620170be7da0233ef5,492.36
e8bab621313ad2a3c0ce8e3a023ff9bb,492.26
2b2896060944d2d39e46d833324116bb,492.25
acf44dfee8ef086ef411e130c9b7e23d,492.21
1d8dc0ddca15b95682905c326b2dbb20,492.08
3a72453c8e598485547faee4d5a8ce22,492.08
6e28e785f4011cbd0616332a9db3d1aa,491.98
b14fc4857eef94acb189066e091cab6f,491.97
2b9d75b098e314b98c6d5690982f723d,491.93
65ec42c914fb6a026fa005cce0a89a02,491.84
d5893df786726a4f6efaa636355118a3,491.68
943bb0afb826a269071a6d3153d046f5,491.63
4f2029f4e7aea8455f5c1cb9de0b7ccd,491.63
a3f7e1a9311dac0970c1bb2dd47c9a2b,491.52
a297dbece29f6d145402282b8cea51f7,491.52
d4ef5cef4153f98ee6c6fbe839a6cb48,491.41
ce88d6a35796ddae6e12cc1206efcb38,491.36
d60483078c0c81748581f80d355bbcba,491.34000000000003
bfd8eb57759f69e3dfb7797e89dec292,491.31
1d1438d24ce35f01e7c30d1893e8a7c7,491.26
d3d6ab62e2b65c66b94b19924886f9ab,491.03
3158fc4f60ca92412de397461b64cee3,490.99
44879da5888544982569ab3c5d4ebcf5,490.79
4dae720c56d39e33c131c5a6b32e4b63,490.65
ce8b665ad7a00dfee2a4fbd19dedb82a,490.59
f349c0a473c8ebfa38fe5571babd4e7d,490.53
22b511da0f3532c4593a71a9e4381be1,490.53
84590dd28779015d6d0fb7265ba054a1,490.52
4e65032f1f574189fb793bac5a867bbc,490.40999999999997
86c245ffe05ee211d1a254995de11a6a,490.36
88f994e308b037460dd6f7e4cae770eb,490.1
4f9abb81a81465dfa9d717f658404d91,490.02
78166e035051f0332e453bd9f28b6879,489.99
f35afb6251ea2910e12f0e2da522de2c,489.98
a6a29af927a76a300e5d175e4892c5ed,489.98
11301f075b107598442c6b33133b557a,489.92
55bd4776f1b2e6854ee14ef35adf286d,489.9
051be26c01eaee2404f19132b80da15f,489.85
e6e7f09e6411f997d35dd885d7b7f520,489.83
5b583873036f60198984295907f3b560,489.75
e8cb0c78d44d572d96674d666f082fed,489.69
414779003a0c5293d780791c1a7b95bf,489.38
658d2030bfe58890aad77287cd07fab6,489.09
5abec77f25448f05e114df428f92dccf,489.09
12e8e6fd5b6cfeea8e72ff735c2a1e29,489.09
a8060584a077038962852f3184a4571e,488.76
bb804ab3b59099c10245f17159faf55e,488.72
3bfad1f3e44d5805f8ff67c558a155f8,488.7
cdb5cfd897eae464933d6fbd24354fbf,488.68
811459d2ae60f5c3affc92682010617d,488.6
e1cdf692ed47d0ba0429839e43913966,488.58
618753607eae5ce77280f5a82a2a730a,488.55
b957b3e2473035f8a2e94e9155c11646,488.47
d08c29302907086e8fe823369542f3ae,488.46
e2f6bab7ca0c3df4cdbddfea495732dc,488.16
22d5281d79e54f3fe69b327fab808a26,488.15
dc0e76f5f0df0dedbf631bf132994618,488.15
62b6a37c79d62189745d83b149604ef2,488.14
29f8e372b3b1d42ad2e00a0b976bfc34,487.88
c7a105392919f36712d6621a2e53a8f6,487.86
ba17fa1c74cbcd675656a975e53877d5,487.86
b2254159af2f807dc144313e28cb6966,487.86
0e662bf6962c28aca8d2e6ebfe053de7,487.86
b4ba6c8ffbe46adecf45369dd91cc730,487.79
ec441c1966bfa602976763f330fc5168,487.67999999999995
4a858d3e945b66b74a3b87cd245338a8,487.64
c3a8d73d9c04af248b04c0f97b6cb308,487.55
bf88edbdba72bfdb8613522c5ea7b323,487.5
b283972d8b63fa81402654b037f88651,487.38
b958cf6726ae1890de65f3f005f06667,487.38
2f2bc963a0bf88ac75287e5124e04c10,487.17
03c30046bcd7d616fd8bab4f77ccabb2,487.16
7a40906034fd70ca048d6d0a0e07eefd,486.95
ccc0bfa155686baf816eb6d8ae01e2e5,486.86
dd9b235dbe7d48c82caca4da097a2240,486.71
568273c407095bc5edd5595b0c6cb799,486.69
4ef56939b2900349782db808e4e1737f,486.66
b9e566aaeb745bb8ab0b9c1a6ef68235,486.59
bfa3303d9ff1a7668d49cff0f44ceaeb,486.56
82767bc85375a5663064e224c4a545f5,486.56
7196c4f487f78ce96dd88064ddab32ba,486.5
77722ed28b37c30bc7d25319b0a14b73,486.3
07216c3351ab63d5087691e3324da3e2,486.24
19eaecaa3d7ca2b7c480e3ba0452e598,486.09
ff2cfbe44d7249b98eed0e860fe3e53c,486.02
7582a5a77fc2976628f46a13ec91b375,485.94
97e5501feb2532ef0e124d2dc4e86537,485.90999999999997
94055824d8422f86101162d73d20964a,485.76
c316b265607f1c464373e41abd702fd2,485.59
db20b3f6a6a6e5ebb504771a6685085d,485.51
f9b5d3c8bd2dc9c26ff00bde73171554,485.38
6cceb051264e3bac0ac2a98182eba14f,485.38
11261d6c406cfc26a6749bd5cbd45be7,485.34
61e5f16f5f4e5de288a9fc001ae443e4,485.3
f3e76dbdb71ca99e1ab351937ce9aace,485.29
19ab19d33d1e9bfd3f14121ee71ed9e1,485.24
cb57be427d5e8c06c10cdd1540df1e00,485.23
e3855a2bf01bf12d6de04c4c6af7b1ad,485.02
e0a32719d497e50ca4d214adb2940134,485.02
51e1a99e6888fce6fe3a58ef48cc8fe1,484.94
32ec51f58d2fb4935045b694a5685db4,484.89
4e92726a217d2761c6583830b747b31f,484.86
0900959c43b78d56c7996f7d05861033,484.85
6a3927ab5cce387591fcbe8740e58fb6,484.8
84440046e87352e704a6671b95f86421,484.76
fb8c74f4449e5a62e3c1296f75304ae1,484.68
5553a7c7bebd1de19f50e20a851c5eab,484.65
1b6d1a3328b7a0a981e184cfa7f79fcd,484.65
767c4bbed66053b2518a32b5948ca5ec,484.55
bfe14bfa136397036c4fd0cade75c68c,484.54
07ff81a9676efa0286ddd3f09e7c0063,484.32
c1d43ef6f70aff50201a1b882176a346,484.29999999999995
6362edec63b10f16e4ac57ee01381ef1,484.25
f006b6ee50b61de570571fc9433aff84,484.09
8a75bcf1cf3c38af9dff219f4b3044f1,484.06
427875bf8724c73f0209b1fea4e209d8,484.02
fd6e9d353a87db116fff2b5d7f9e6d7b,484.02
73697e3ae3d92e1666d9ce8cb7c281b0,483.87
74c286ab8cc161142213780711964b06,483.7
04e01ceba008c9f51cb4e9eb876dfc6a,483.67
db805b3c93209de1af0f032450f33cd3,483.56
cb36af177245c06f2eec15fb7afd4c72,483.51
d88ac7d12d517ebf0442f370187012fa,483.43
2ddc001b620bd90d0f4378cfde1db887,483.33
c937a5d7fe89380c128d9b8746495474,483.25
b10fc6be0b66fc34c7475b6deb4c5adb,483.09
9357edf3235b665feb0f0d347c890155,482.72
53b7463825251f4e9d29d7c68d429c49,482.71
538c0dd996251723d102012a8c5ee553,482.71
d9a091ea64e6e6905e16215d98732b1f,482.71
b69ea2c34b2d989576625952aab1266d,482.69
b0f75567787a7483aadf695f5021e881,482.69
aebdb8f05f5ebf99f858c1a75fb7035a,482.6
15a981406bf7ff3eec3a9bfe70ace61b,482.6
25a1ad8a564d758f233c587cc657aa4b,482.52
54a225809cabcf66e46eb0d6b048dd43,482.38
70c7bc295f2ffdd9125c96d2ace32fb4,482.22
c1f548efd9fc8b040fd45c4d3818d4b8,481.96
0e34a60534391f19af7e10f1c8ac28d4,481.94
b98de9b9357dc16158a7d4f584574575,481.73
d36a8be7c46a52c448722be4f41fca7b,481.52
8ac4ecbdab8d119d46ccff5adaf3db15,481.3
32fb60e2ce6a1f62eeccbc2d33046072,481.25
0b8cc9d17d481e03c058582a15b00a41,481.07
8dc10e9acb420db970e64b4c99cba7ec,481.06
f5a9f076153fa5f192ecd4b0e293d645,480.62
26a6e3e036636ef1d5636f98b66094cc,480.52000000000004
0beec065ce2d16d3a8dbb22b87cf4c43,480.4
91cf1d46a75f42788fedaa026a62de7a,480.33
8d4579526cbb0bf83069597c9c27533d,480.33
a2f717aa61bb01e688d547976d339428,480.31
4329c6c2e1d758b530cd0366e8985dc2,480.12
5725b67b2a112e3473171ee49319b1a3,479.96
77c213e10acbd145d50fcb035d0e86d9,479.95
e27def83fca14e64279e3a053a0e0924,479.86
a9a852a3533326b04e1e7e9bfac1f0a2,479.8
a9d133bb6c236fdcafea8b3edd7cc446,479.79
668a1b9c6d03a80a1dc25b352b603103,479.77
120fea94e5d7c2df66150b475a07ff2c,479.77
23ebcc7c46a2fbfba024576852b06080,479.74
91f15ef4db3006a762bc7e46aa544393,479.66
719a735ece4d49f8f918d1fdd319cb2f,479.64
1d72aaec15863f7532b2dbf4a5c4247d,479.56
3ae49bff8b4dcba7efea0f5f928b3f82,479.5
91e71027ae8624a08ddfc1b5be4f667e,479.47
1d301e190b5dec77e4ade6bd375b97bc,479.42
e2ad62287d09d865cc01cad90869dd91,479.25
80261e3b34f41fda13fbb4ffdf2222e7,479.22
908e85b29cfd17e114a941bc21114d5f,479.17
e532b5d8af846af30fb31f0d87ba0c9d,479.15
6345e3b3ba5ee47685e29ec5febc8155,479.08000000000004
1287bfd3869aaec082aa683512e593b5,478.9
eb5e77818ce6373c00e2a0808d026123,478.78
4ea472e8a806da1db6126a573e4b08d2,478.69
a19618a3a0b75933904d5ee9d3ed6d21,478.67
8f0eb363ad943a36b7091034f29b508e,478.56
38e124a6ea27bb96550722fdd9811842,478.46
0a8b3d8908fd5d89afd05e074977a476,478.37
659ee59482fb5a41632c2c2f2b3fffdc,478.33
d8d9d8a3736c8bf5ff777f32b13042b9,478.33
4a91199dce0d0f0665c157bd7ebc7198,478.33
58b93cf681e99eabd239b9af099be904,478.26
90a687b4f288e6a6dde93c07680f9087,478.18
3af47731e7b6eabaee29e5f328652714,478.18
c9a9bc3271d78f39fe16405e17aa36bd,478.14
26da5236b37928e6d790a44b74675c96,478.05
2a4f00eb2a1a0321bbf32bdcb7240b61,477.98
53cf36f383a2f36273af201486eb608d,477.96
9e276dafc829bc25bc2ca7aa3f6ba502,477.77
dbbcc06ec5a172406d9d3875f1597e28,477.71
b349d03dade93dc07d9cb0409e326f04,477.69
0ffc908947e1f0c9f17647058b9a58c2,477.68
f121995493925a5ef0b46a13f594e0ab,477.64
7d5599666ef8e7e2fab7c3280e035705,477.63
088653e3fa566d968be97a72afee0b74,477.61
c8beef897465bd87168f7793cf9d0981,477.55
22a1421fa50877e10f53759ab0a75a4a,477.45
0e78a1b66adee5bb3a6f014714f79cf4,477.44
b08fab27d47a1eb6deda07bfd965ad43,477.34000000000003
6ac4c2b8476a9b14dc824e2cda804dfc,477.32
f837b5b09a1c657034a5fa0192651699,477.28
d4f535499419d0b8bbdcd7d9a81e5578,477.13
38941a0aea64baf8a13882808742616c,477.09
0883460fd0fd804d2b599595a8b0f59f,476.99
e8085316b657aa6e329ed4d505ca22d1,476.97
3dffb45e81594719b4fb28c5345f836f,476.87
62d7776b75e87d3dba846e3a4331766e,476.87
b3ccffc2716943cbfae0557e97aa5c61,476.85
d9e794684f8c138cc4afd07a85dfdae4,476.85
abf91e0207b15fd6a697c5ae0afcfdac,476.73
c1c431509360faa8a6344ddc22650d2e,476.66
47d6433140815901cedf731ce46ed185,476.65
0cb471db85b1cd3df98fba7fbf586730,476.52
bf22108351246d1b1c91c709007b1d1a,476.51
8ebe2c1dab1be08d01450638812c0e82,476.44
2526d3bb06624f7c5bedf2ef7a5bc4f0,476.38
a3d3623746bf0de553ad994a4e7d717a,476.34
860052aea27ab400cbe474e6956013fc,476.34
d75a854dd5534f42bfac3299ac2d0b33,476.27
c6cda1260ee2defc2b326e6c253406c8,476.25
7a380cb5434e6b6b5b37d45bb99dbe8a,476.18
83a16b78a57c8394d33c2f5d1cb87ee5,476.14
a060a1733f36c269b08c21fc35bdbe9a,476.13
9346d13c5aebbbe578af8f9eb9215ac0,475.97
05b0ef4db4b270f35b932bd7157fa44c,475.97
5b34e292d74ef57ad8c93f54fd640388,475.95
988528dfe3cfc94ed050d8559c06a366,475.84
56d8657415db763795b16dd5b0a8626b,475.82
494e887fef923d79982b3c0e1ab49cdd,475.64000000000004
0104d8ef04b9df2891e69bc0e2e6dca4,475.47
24b7e460db28210f33d13d8ce5918fc4,475.45
b29b4e8d5cb5574a2c5b54b1401ac5f7,475.42
3de675e6f79e135540ee0144844d26a7,475.35
dfab95fe6361089893e6747cbb3f58f7,475.2
d4254847c058df4dbe92d4e6206da691,475.18
071fb07419a29c8ba143831082e0320a,475.11
5ff3b50583f44ecf55b7e7f704ca97bd,475.04
52ce7a02c3e7ac2b2a215d37e485c40e,475.02
81456a442807874df5972289c3c272af,475.01
deff56c7b9f9d9bd10bba398c4716f81,475.01
69265054c8f3bbe54909219e9b2e6af7,475.0
26b63382453df47a051e4104978f18df,474.99
ac9ec8cf5ffa30efdb78abc6c2239e88,474.98
36ac7fcaeaed9489a3aa25f4c709b968,474.97
016846e2dd862cba9a2a10eff5ac244f,474.96
2ecd61ee84be014b273910e450c1a326,474.66
d0175fc564515a47e95bcfdf40e6bc07,474.61
e9c905c9d93eadb270434d5f1de50fee,474.53999999999996
e41fffc26bbea3b2a68b17501f3828bc,474.37
e238cfb4f2a99a29c354412a782fd25e,474.37
e0a6e17e3b2690b9510807638044310c,473.98
1f98e3467d2b48dfb44fc12b137d3447,473.97
97ab9ddfd685e215b635522cce6a3b21,473.84
02678f5b6207663512dd9cd96af14f0d,473.83
9bb78e191a6a14d221a6e4ce099739ee,473.82
7c778e5a4b3bd2bf2baf60e8ec9c50ae,473.81
1664dbb811a17747439f7a1126173ccc,473.78
9a80d874fda962e48fc7f4e890779607,473.73
f21a02874b6c6b6d2d00b513c20d4081,473.62
79296e3467d0afbe0e255170dbad2e21,473.58
91ffaf5eb7f4bd6a48b07f3546fb7a99,473.55
22cc1662504bdaccefb1b8cb9debcf62,473.43
e49e298433db8944b77c533837693e29,473.4
6798aed3617b733ee53f5114ec826395,473.36
4d94c2d7b8413b9e9c9936249fe9a17d,473.36
55507f66e9e1f29f4ccb5e134be74f4b,473.28
ade96e0b2c4e31ee44d25203a746d311,473.21
c613d08c38745b67cc5aff94e3fc04b2,473.2
775cd7b4ebb9974edbbbb60d7b63f5a4,473.15
563bf685b8426233585285851fa03881,473.12
b366ab5d21683b071ddc914af59365cd,473.12
547d96d61444758bad5bca8d0e3401bb,473.12
8b51f29aa215ec74a25baf5bd24ed90c,473.05
5ce16898c9bd69dd391793100328af1a,472.94
41789ad60c3f4ce775dcc1652a9c26b5,472.94
a0c2291e43da5ca10c813423b352c1a8,472.88
3e2662d873c55f390786c29319aaaeac,472.8
01a4fe5fc00bbdb0b0a4af5a5345cca5,472.72
9eaa113edea5eaf8b815689d4dc05be9,472.67
02e698078df64c35152a88cfe52d29fe,472.63
07f4fe7018e56998864d95e97dfa1c78,472.63
850266d4f00eccc4df33d0b1f86987fe,472.62
81c98f96ecae3c8189b6732d8d55d31d,472.59
e88d33deb1c39d5e44e5034f67f38761,472.53999999999996
3308bce732b62d0e3b76c8fc53efd107,472.41
028610eb2f6daf6bb4c37e1bd2b42210,472.41
7c269c094eb72fe67154b16e18f88ec7,472.41
dc7231ae7ea2f5af8f54965e6c999611,472.41
c5d3a57d695547bb1de4f666cb9dec7b,472.02
6c1cc01a85d428ced8dea5dd231e3b96,471.79
b94205142c3fe115e026b537556c750f,471.42
b471f6779ed58f5dbcf786cf9842067a,471.4
3429548a00c12192afbd69ce55fb58ac,471.35
3329202f1e357ad78ad4bbc14f3f658a,471.33
2ed2d94955614ec3262ce7575ef997f9,471.05
f94616384bd4c26932c3c86c53b813ce,471.03
03f8cc5eb864ffa50cb73bdf07a7b1e9,471.0
e23e4de041e2393f94218b2b793efe40,470.95
7ad065f4818c722491c39b1cbfd8ab0f,470.95
1506abf10c09a2872e24d79f33e4eb12,470.9
151bdb6d653a706699cee00174b5ab36,470.73
4a0be916d9ff0a0d1bfbb502bd55323e,470.73
ed248f230ad6f526072443912b8351e9,470.62
c38ea92aa01ad97a67b5fdc061846fc4,470.55
40d7d54eec87034f302186595ff7b033,470.48
723f7b82c924b4d6cf97925277f199c3,470.46
91ac74239a32254fc4a9779cf38b2226,470.42
12e7408e50eae70e854608a105998f58,470.38
f37fec46253718ba771b73228f000f8c,470.38
c17526359e1068290ebf7dd22a856de7,470.25
ddcbd9c87bce192fc14812129a7894da,470.2
241febf646e1f170eb505675880cd39a,470.14
42c69d0748468edb4bf96674d28e07ec,470.09
80a0f31edcafb8e772a9a04546534eff,470.06
9eaed62db4e25ad2ac2fcdec58a8e6cc,470.02
3768a61ac1092ad9e455432831f9062e,470.02
c210113b5b46eab76bafeb6053bf8d31,470.01
1fe7afd58ce8429c5a8d27bf8c24738f,469.89
edaf10f5aa825cb0f5fb2c0e56c45891,469.89
06e064e7008f3d351d74a80da7576bcc,469.84
a3273cc5b69f034bf090c924b75c725d,469.78
8a2a5d47165b5d564b6062d35e6efd4a,469.71
